Sample_id,Site,Plot,Treatment,Year,Transect,Date_collected,SOM_crucible_g,SOM_crucible_and_sample_g,SOM_crucible_post_105_g,Moisture_correction,dry_to_wet_ratio,NMin_sample_g,dry_NMin_sample_g,NO3_Sample_ID,NO3_ABS_1,NO3_ABS_2,NO3_ABS_3,NO3_ppm1_stcurv1,NO3_ppm2_stcurv1,NO3_ppm3_stcurv1,NO3_ppm_avg_stcurv1,NO3_ppm1_stcurv2,NO3_ppm2_stcurv2,NO3_ppm3_stcurv2,NO3_ppm_avg_stcurv2,NO3_ppm1_stcurv3,NO3_ppm2_stcurv3,NO3_ppm3_stcurv3,NO3_ppm_avg_stcurv3,NO3_plate#,mg_NO3_per_g_stcurv1,mg_NO3_per_g_stcurv2,mg_NO3_per_g_stcurv3,,NH4_Sample_ID,NH4_ABS_1,NH4_ABS_2,NH4_ABS_3,NH4_ppm1_stcurv1,NH4_ppm2_stcurv1,NH4_ppm3_stcurv1,NH4_ppm_avg_stcurv1,NH4_ppm1_stcurv2,NH4_ppm2_stcurv2,NH4_ppm3_stcurv2,NH4_ppm_avg_stcurv2,NH4_ppm1_stcurv3,NH4_ppm2_stcurv3,NH4_ppm3_stcurv3,NH4_ppm_avg_stcurv3,NH4_plate#,mg_NH4_per_g_stcurv1,mg_NH4_per_g_stcurv2,mg_NH4_per_g_stcurv3
1A,DC,1,FASP,2022,A,7/6/22,14.715,24.48,24.319,1.016763848,0.983512545,10.04,9.87446595,2022-1-A,0.398,0.355,0.395,2.76623137,1.500827658,2.67794739,2.315002139,3.193182975,1.732471614,3.09127288,2.672309157,3.608226786,1.957654958,3.493070612,3.019650785,plate6_20240209,0.011722164,0.013531411,0.015290198,,2022-1-A,0.364,0.35,0.348,0.15456988,0.107786504,0.101103165,0.121153183,0.234912704,0.19306139,0.18708263,0.205018908,0.246101119,0.206064927,0.20034547,0.217503839,plate8_20240131,0.000613467,0.001038127,0.001101345
1B,DC,1,FASP,2022,B,7/6/22,16.066,25.843,25.656,1.019499479,0.980873479,10,9.808734786,2022-1-B,0.548,0.461,0.476,6.950832911,4.907851616,5.260089771,5.706258099,7.220292435,5.098111888,5.464005086,5.927469803,7.062986874,4.987041407,5.34496304,5.79833044,plate7_20240212,0.029087636,0.030215262,0.029556974,,2022-1-B,0.423,0.417,0.413,0.318818883,0.299694611,0.286945097,0.30181953,0.385760981,0.368778089,0.357456161,0.370665077,0.394852286,0.379310693,0.368949632,0.381037537,plate7_20240130,0.001538524,0.001889464,0.001942338
1C,DC,1,FASP,2022,C,7/6/22,15.462,24.92,24.709,1.022818211,0.977690844,10.01,9.786685346,2022-1-C,0.384,0.422,0.412,2.354239464,3.472503209,3.178223276,3.001655316,2.717602532,4.008463735,3.668763418,3.464943228,3.070831307,4.529476178,4.145622264,3.915309916,plate6_20240209,0.015335403,0.017702333,0.020003248,,2022-1-C,0.318,0.308,0.309,0,0,0,0,0.088560372,0.060255552,0.063086034,0.070633986,0.122874411,0.096971756,0.099562021,0.106469396,plate7_20240130,0,0.000360868,0.00054395
2A,DC,2,FASP,2022,A,7/12/22,16.912,26.619,26.398,1.023297491,0.977232925,10.01,9.782101576,2022-2-A,0.696,0.613,0.589,11.53577337,9.093249929,8.38697809,9.672000464,13.31625241,10.49673978,9.68145902,11.16481707,15.0470734,11.86108592,10.93983653,12.61599862,plate6_20240209,0.049437232,0.057067579,0.064485114,,2022-2-A,0.432,0.425,0.427,0.381803422,0.358411734,0.365095073,0.368436743,0.438190516,0.417264859,0.423243618,0.426232998,0.440562623,0.420544527,0.426263983,0.429123711,plate8_20240131,0.001883219,0.002178637,0.002193413
2B,DC,2,FASP,2022,B,7/12/22,15.931,25.55,25.356,1.020583554,0.979831583,10.03,9.827710781,2022-2-B,0.334,0.303,0.272,0.882839799,0,0,0.294279933,1.01910095,0,0,0.339700317,1.15156174,0,0,0.383853913,plate6_20240209,0.001497195,0.001728278,0.001952916,,2022-2-B,0.454,0.444,0.442,0.455320156,0.421903459,0.415220119,0.430814578,0.503956867,0.474063071,0.468084312,0.48203475,0.50347664,0.47487936,0.469159903,0.482505301,plate8_20240131,0.002191836,0.002452426,0.00245482
2B,DC,2,FASP,2022,B,7/12/22,15.931,25.55,25.356,1.020583554,0.979831583,10.03,9.827710781,2022-2-B REDO NO3,0.301,0.276,0.271,5.59383012,4.719794164,4.544986973,4.952870419,6.27473426,5.294307032,5.098221586,5.555754293,6.23170227,5.25799879,5.063258094,5.517653051,plate9_20240227,0.025198495,0.02826576,0.028071914,,2022-2-B,0.454,0.444,0.442,0.455320156,0.421903459,0.415220119,0.430814578,0.503956867,0.474063071,0.468084312,0.48203475,0.50347664,0.47487936,0.469159903,0.482505301,plate8_20240131,0.002191836,0.002452426,0.00245482
2C,DC,2,FASP,2022,C,7/12/22,14.627,24.165,23.945,1.023610217,0.976934368,10.03,9.798651709,2022-2-C,0.198,0.206,0.194,2.095781586,2.309364423,1.988990168,2.131378726,2.019575238,2.225391823,1.916666946,2.053878003,2.045884771,2.254382583,1.941635866,2.080634407,plate2_20240207,0.010875878,0.010480411,0.010616942,,2022-2-C,0.266,0.272,0.272,0,0,0,0,0,0,0,0,0,0,0,0,plate8_20240131,0,0,0
3A,DC,3,FASP,2022,A,7/13/22,16.913,26.281,26.103,1.019368879,0.980999146,10.02,9.829611443,2022-3-A,0.439,0.362,0.337,9.699992714,6.741975134,5.781579816,7.407849221,10.09132099,7.013967659,6.014826967,7.706705205,10.17133402,7.069580679,6.062517904,7.767810869,plate8_20240227,0.037681292,0.039201474,0.039512299,,2022-3-A,0.421,0.419,0.412,0.321125219,0.314751458,0.292443296,0.309439991,0.370676528,0.364833088,0.34438105,0.359963555,0.382313369,0.377026352,0.358521793,0.372620505,plate6_20240130,0.001574019,0.001831016,0.001895398
3B,DC,3,FASP,2022,B,7/13/22,14.497,24.772,24.57,1.020053609,0.980340633,10.02,9.823013139,2022-3-B,0.329,0.316,0.309,3.653732602,3.289759239,3.093773583,3.345755141,3.525015839,3.173864836,2.984783527,3.227888068,3.491759071,3.143921003,2.956623581,3.197434552,plate3_20240207,0.017030188,0.016430234,0.016275223,,2022-3-B,0.42,0.428,0.444,0.515556205,0.546298111,0.607781922,0.556545412,0.546537468,0.574904908,0.631639787,0.584360721,0.542964681,0.569443122,0.622400005,0.578269269,plate5_20240129,0.002832865,0.002974447,0.002943441
3C,DC,3,FASP,2022,C,7/13/22,15.496,26.385,26.173,1.019855765,0.980530811,10.09,9.893555882,2022-3-C,0.332,0.441,0.383,0.823983812,4.031635082,2.324811471,2.393476788,0.951160886,4.653894336,2.6836325,2.762895908,1.074790957,5.258798613,3.032445916,3.122011829,plate6_20240209,0.01209614,0.013963109,0.015778007,,2022-3-C,0.4,0.41,0.407,0.245509176,0.277382962,0.267820826,0.263570988,0.320659895,0.348964715,0.340473269,0.336699293,0.33527618,0.361178835,0.353408039,0.349954351,plate7_20240130,0.001332034,0.001701609,0.001768597
4A,DC,4,FASP,2022,A,,14.632,23.991,23.749,1.026543819,0.974142537,10.01,9.751166791,2022-4-A,0.304,0.265,0.258,2.953783828,1.86186374,1.665878083,2.16050855,2.849725449,1.796272439,1.60719113,2.084396339,2.822839709,1.779325504,1.592028082,2.064731098,plate3_20240207,0.011078205,0.010687933,0.010587098,,2022-4-A,0.391,0.427,0.387,0.404116797,0.542455372,0.388745845,0.445106005,0.443705499,0.571358978,0.429521779,0.481528752,0.44698033,0.566133317,0.433741109,0.482284919,plate5_20240129,0.002282322,0.002469083,0.00247296
4B,DC,4,FASP,2022,B,,14.494,24.097,23.859,1.025413775,0.975216078,10.08,9.830178069,2022-4-B,0.347,0.347,0.332,6.073761923,6.073761923,5.673294104,5.94027265,5.852909131,5.852909131,5.467003034,5.724273765,5.929156503,5.929156503,5.538223107,5.798845371,plate2_20240207,0.030214471,0.029115819,0.029495119,,2022-4-B,0.23,0.205,0.213,0,0,0,0,0,0,0,0,0,0,0,0,plate8_20240131,0,0,0
4C,DC,4,FASP,2022,C,,14.717,24.078,23.836,1.026537998,0.974148061,10.06,9.799929495,2022-4-C,0.294,0.272,0.253,2.673804318,2.057849397,1.525888328,2.085847348,2.579609293,1.985353749,1.472133052,2.012365364,2.555271964,1.966622925,1.45824421,1.993379699,plate3_20240207,0.010642155,0.010267244,0.010170378,,2022-4-C,0.399,0.413,0.391,0.271528321,0.318311697,0.244794963,0.27821166,0.33954099,0.381392304,0.315625953,0.345519749,0.346191599,0.386227791,0.323313775,0.351911055,plate8_20240131,0.001419457,0.001762869,0.001795477
5A,DC,5,SP,2022,A,7/8/22,15.663,24.962,24.791,1.018733567,0.981610926,10.03,9.845557587,2022-5-A,0.226,0.206,0.208,2.843321515,2.309364423,2.362760133,2.50514869,2.739933285,2.225391823,2.276845969,2.414057026,2.77562711,2.254382583,2.306507035,2.445505576,plate2_20240207,0.012722229,0.012259626,0.012419335,,2022-5-A,0.266,0.266,0.257,0,0,0,0,0,0,0,0,0,0,0,0,plate8_20240131,0,0,0
5B,DC,5,SP,2022,B,7/8/23,15.914,25.221,25.04,1.019833443,0.980552272,10.01,9.815328248,2022-5-B,0.362,0.322,0.34,2.583079798,1.643778053,2.066463838,2.097773897,2.683216783,1.707501589,2.146573427,2.179097266,2.624758635,1.67030095,2.099806908,2.131622165,plate7_20240212,0.010686214,0.011100481,0.010858639,,2022-5-B,0.399,0.389,0.381,0.242321798,0.210448013,0.184948984,0.212572932,0.317829413,0.289524593,0.266880737,0.291411581,0.332685915,0.30678326,0.286061136,0.308510104,plate7_20240130,0.001082862,0.001484472,0.001571573
5C,DC,5,SP,2022,C,7/8/22,16.317,26.395,26.213,1.018391269,0.981940861,10.01,9.829228021,2022-5-C,0.18,0.165,0.187,0,0,0.019207906,0.006402635,0,0,0.019982814,0.006660938,0,0,0.020141255,0.006713752,plate8_20240227,3.26E-05,3.39E-05,3.42E-05,,2022-5-C,0.337,0.321,0.313,0.05342727,0.002437184,0,0.018621485,0.125252064,0.078504547,0.055130789,0.0862958,0.160258666,0.117962532,0.096814466,0.125011888,plate6_20240130,9.47E-05,0.000438975,0.000635919
6A,DC,6,SP,2022,A,7/8/23,15.658,25.897,25.685,1.021142914,0.979294853,10.01,9.802741479,2022-6-A,0.2,0.196,0.184,2.149177296,2.042385877,1.722011622,1.971191598,2.071029385,1.968121092,1.659396215,1.899515564,2.098009224,1.993760319,1.681013602,1.924261048,plate2_20240207,0.010054287,0.009688696,0.009814913,,2022-6-A,0.252,0.251,0.252,0,0,0,0,0,0,0,0,0,0,0,0,plate7_20240130,0,0,0
6B,DC,6,SP,2022,B,7/8/22,15.173,25.84,25.625,1.020570226,0.97984438,10.01,9.808242242,2022-6-B,0.28,0.254,0.233,2.281833004,1.553886279,0.965929309,1.600549531,2.201446674,1.499144667,0.931900739,1.544164027,2.180677121,1.485000984,0.92310872,1.529595608,plate3_20240207,0.008159207,0.007871767,0.007797501,,2022-6-B,0.315,0.311,0.732,0.112068695,0.096697742,1.71449052,0.641085653,0.174214821,0.160031101,1.652867619,0.66237118,0.195435134,0.182195914,1.575623903,0.651084984,plate5_20240129,0.003268097,0.003376605,0.003319071
6C,DC,6,SP,2022,C,7/8/23,15.624,25.113,24.92,1.020761618,0.97966066,10.03,9.825996417,2022-6-C,0.334,0.252,0.26,1.925568577,0,0.187860349,0.704476309,2.000216147,0,0.195143039,0.731786395,1.956638256,0,0.190891537,0.715843264,plate7_20240212,0.003584758,0.003723726,0.003642599,,2022-6-C,0.546,0.562,0.559,0.719485263,0.770475349,0.760914707,0.750291773,0.735891504,0.782639021,0.773873862,0.764134796,0.712751914,0.755048047,0.747117522,0.738305828,plate6_20240130,0.003817892,0.003888332,0.003756901
7A,DC,7,SP,2022,A,,14.63,24.653,24.488,1.016737675,0.983537863,10,9.835378629,2022-7-A,0.343,0.323,0.295,4.045703916,3.485744896,2.701802269,3.411083694,3.903178458,3.362946146,2.606620908,3.290915171,3.866353914,3.331218424,2.582028738,3.259867025,plate3_20240207,0.017340887,0.016729987,0.016572148,,2022-7-A,0.271,0.273,0.27,0,0,0,0,0.018193902,0.025285762,0.014647972,0.019375879,0.049803706,0.056423316,0.0464939,0.050906974,plate5_20240129,0,9.85E-05,0.000258795
7B,DC,7,SP,2022,B,,15.66,25.399,25.25,1.015537018,0.984700688,10.02,9.866700893,2022-7-B,0.358,0.227,0.229,1.589111638,0,0,0.529703879,1.834381709,0,0,0.61146057,2.072811132,0,0,0.690937044,plate6_20240209,0.002684301,0.003098607,0.003501358,,2022-7-B,0.392,0.379,0.384,0.220010148,0.178574227,0.19451112,0.197698499,0.298016039,0.261219773,0.275372183,0.278202665,0.314554056,0.280880605,0.293831933,0.296422198,plate7_20240130,0.001001847,0.001409806,0.001502134
7B,DC,7,SP,2022,B,,15.66,25.399,25.25,1.015537018,0.984700688,10.02,9.866700893,2022-7-B REDO NO3,0.254,0.235,0.2,3.950642522,3.286375196,2.062724857,3.099914192,4.431531071,3.686406378,2.313808258,3.477248569,4.401139728,3.661125084,2.297940212,3.453401675,plate9_20240227,0.01570897,0.017621131,0.017500286,,2022-7-B,0.392,0.379,0.384,0.220010148,0.178574227,0.19451112,0.197698499,0.298016039,0.261219773,0.275372183,0.278202665,0.314554056,0.280880605,0.293831933,0.296422198,plate7_20240130,0.001001847,0.001409806,0.001502134
7C,DC,7,SP,2022,C,,15.165,24.73,24.544,1.019831539,0.980554104,10.08,9.883985363,2022-7-C,0.38,0.343,0.348,5.081628102,4.045703916,4.185693671,4.437675229,4.902608237,3.903178458,4.038236536,4.281341077,4.85635457,3.866353914,4.000137786,4.240948757,plate3_20240207,0.022448815,0.02165797,0.021453637,,2022-7-C,0.374,0.309,0.297,0.338790248,0.089012266,0.042899408,0.156900641,0.383424689,0.152939241,0.110388082,0.215584004,0.390713641,0.175576303,0.135858641,0.234049528,plate5_20240129,0.000793711,0.001090572,0.001183984
8A,DC,8,SP,2022,A,7/12/22,15.17,24.787,24.637,1.015844513,0.98440262,10.02,9.863714256,2022-8-A,0.402,0.44,0.401,2.883943343,4.002207089,2.85451535,3.246888594,3.329063102,4.619924304,3.29509307,3.748026825,3.761768351,5.220413222,3.72338296,4.235188178,plate6_20240209,0.016458752,0.018999064,0.021468526,,2022-8-A,0.371,0.366,0.371,0.153075199,0.137138307,0.153075199,0.147762902,0.238575917,0.224423507,0.238575917,0.233858447,0.260158481,0.247207154,0.260158481,0.255841372,plate7_20240130,0.000749023,0.001185448,0.001296882
8B,DC,8,SP,2022,B,7/12/22,15.925,25.482,25.345,1.014543524,0.985664958,10.04,9.896076175,2022-8-B,0.367,0.302,0.295,4.717654739,2.897787926,2.701802269,3.439081645,4.551457233,2.795702218,2.606620908,3.317926786,4.508516502,2.76932616,2.582028738,3.2866238,plate3_20240207,0.017375986,0.01676385,0.016605692,,2022-8-B,0.399,0.347,0.331,0.434858703,0.235036317,0.173552506,0.281149175,0.472072939,0.28768458,0.230949701,0.33023574,0.473458771,0.301348901,0.248392018,0.341066563,plate5_20240129,0.001420508,0.001668519,0.001723241
8C,DC,8,SP,2022,C,7/12/22,15.909,25.75,25.616,1.013804471,0.986383498,10.04,9.903290316,2022-8-C,0.316,0.247,0.26,0.35313592,0,0,0.117711973,0.40764038,0,0,0.135880127,0.460624696,0,0,0.153541565,plate6_20240209,0.000594307,0.000686035,0.000775205,,2022-8-C,0.355,0.353,0.353,0.265778223,0.258092746,0.258092746,0.260654572,0.31605202,0.30896016,0.30896016,0.311324113,0.327827342,0.321207732,0.321207732,0.323414269,plate5_20240129,0.001316,0.001571822,0.001632863
8C,DC,8,SP,2022,C,7/12/22,15.909,25.75,25.616,1.013804471,0.986383498,10.04,9.903290316,2022-8-C REDO NO3,0.242,0.204,0.202,3.531105263,2.20257061,2.132647733,2.622107869,3.960926002,2.470676615,2.392242437,2.941281684,3.933762058,2.453732769,2.37583649,2.921110439,plate9_20240227,0.013238569,0.014850023,0.014748181,,2022-8-C,0.355,0.353,0.353,0.265778223,0.258092746,0.258092746,0.260654572,0.31605202,0.30896016,0.30896016,0.311324113,0.327827342,0.321207732,0.321207732,0.323414269,plate5_20240129,0.001316,0.001571822,0.001632863
9A,DC,9,SU,2022,A,7/7/23,16.913,26.61,26.47,1.014648948,0.985562545,10.01,9.865481077,2022-9-A,0.295,0.206,0.208,4.168115681,0.749108348,0.825939974,1.914388001,4.336270604,0.77932974,0.859260995,1.991620446,4.370652442,0.785508964,0.866073986,2.007411798,plate8_20240227,0.009702456,0.010093884,0.010173917,,2022-9-A,0.405,0.396,0.422,0.270135134,0.24145321,0.324312099,0.278633481,0.323929011,0.297633533,0.373598248,0.331720264,0.340017235,0.31622566,0.384956877,0.34706659,plate6_20240130,0.001412164,0.001681217,0.001758995
9B,DC,9,SU,2022,B,7/7/22,14.72,25.996,25.796,1.01805706,0.982263214,10,9.822632139,2022-9-B,0.286,0.304,0.282,0,0,0,0,0,0,0,0,0,0,0,0,plate6_20240209,0,0,0,,2022-9-B,0.427,0.423,0.414,0.331568397,0.318818883,0.290132476,0.313506585,0.397082909,0.385760981,0.360286643,0.381043511,0.405213348,0.394852286,0.371539897,0.390535177,plate7_20240130,0.001595838,0.00193962,0.001987935
9B,DC,9,SU,2022,B,7/7/22,14.72,25.996,25.796,1.01805706,0.982263214,10,9.822632139,2022-9-B REDO NO3,0.224,0.179,0.17,2.901799375,1.328534654,1.013881709,1.748071913,3.255018397,1.490249387,1.137295585,1.960854456,3.232695553,1.480029289,1.129496036,1.947406959,plate9_20240227,0.008898185,0.009981309,0.009912857,,2022-9-B,0.427,0.423,0.414,0.331568397,0.318818883,0.290132476,0.313506585,0.397082909,0.385760981,0.360286643,0.381043511,0.405213348,0.394852286,0.371539897,0.390535177,plate7_20240130,0.001595838,0.00193962,0.001987935
9C,DC,9,SU,2022,C,7/7/22,15.202,24.996,24.826,1.017664173,0.982642434,10.01,9.836250766,2022-9-C,0.334,0.339,0.288,5.666332378,5.858411441,3.899204992,5.14131627,5.894930084,6.094758222,4.05651121,5.348733172,5.941670371,6.143082926,4.088674865,5.391142721,plate8_20240227,0.026134532,0.027188882,0.02740446,,2022-9-C,0.467,0.485,0.471,0.467721715,0.525085562,0.480469237,0.491092171,0.505075639,0.557666596,0.516762518,0.526501584,0.503914753,0.551497904,0.514488787,0.523300481,plate6_20240130,0.002496338,0.002676333,0.002660061
10A,DC,10,SU,2022,A,7/7/22,14.717,24.892,24.742,1.014962594,0.985257985,10,9.852579853,2022-10-A,0.314,0.28,0.324,0.294279933,0,0.588559866,0.294279933,0.339700317,0,6.346900246,2.228866854,0.383853913,0,0.767707827,0.383853913,plate6_20240209,0.001493416,0.011311082,0.001947987,,2022-10-A,0.379,0.365,0.362,0.178574227,0.133950928,0.124388792,0.145637983,0.261219773,0.221593025,0.213101579,0.231971459,0.280880605,0.244616888,0.236846092,0.254114528,plate7_20240130,0.000739086,0.001177212,0.001289584
10B,DC,10,SU,2022,B,7/7/23,15.915,25.368,25.229,1.014923771,0.985295673,10.03,9.882515604,2022-10-B,0.299,0.28,0.209,1.10367955,0.657511221,0,0.58706359,1.146465353,0.683000636,0,0.609821996,1.121487781,0.66812038,0,0.596536054,plate7_20240212,0.002970213,0.003085358,0.003018139,,2022-10-B,0.405,0.403,0.401,0.270135134,0.263761373,0.257387612,0.263761373,0.323929011,0.318085571,0.312242132,0.318085571,0.340017235,0.334730218,0.329443201,0.334730218,plate6_20240130,0.001334485,0.001609335,0.001693548
10C,DC,10,SU,2022,C,7/7/22,16.913,27.766,27.589,1.016579243,0.983691145,10.01,9.846748365,2022-10-C,0.399,0.299,0.263,3.451933912,1.10367955,0.25830798,1.604640481,3.585753338,1.146465353,0.268321678,1.66684679,3.507631995,1.121487781,0.262475864,1.63053188,plate7_20240212,0.008148073,0.008463945,0.008279545,,2022-10-C,0.417,0.419,0.445,0.308377698,0.314751458,0.397610348,0.340246501,0.358989649,0.364833088,0.440797803,0.388206847,0.371739335,0.377026352,0.445757569,0.398174419,plate6_20240130,0.00172771,0.001971244,0.002021857
11A,DC,11,SU,2022,A,7/7/22,15.204,24.949,24.803,1.015209918,0.985017958,10.03,9.879730118,2022-11-A,0.352,0.447,0.394,1.412543678,4.208203042,2.648519397,2.756422039,1.630561519,4.857714526,3.057302849,3.181859631,1.842498784,5.489110961,3.45468522,3.595431655,plate6_20240209,0.013949885,0.016102968,0.018196001,,2022-11-A,0.405,0.395,0.381,0.261446069,0.229572284,0.184948984,0.225322446,0.334812305,0.306507485,0.266880737,0.302733509,0.348227508,0.322324853,0.286061136,0.318871166,plate7_20240130,0.001140327,0.001532094,0.001613765
11B,DC,11,SU,2022,B,7/7/23,15.626,26.053,25.922,1.012723388,0.987436463,10,9.87436463,2022-11-B,0.382,0.325,0.33,3.05273067,1.714225684,1.831638402,2.199531586,3.17107438,1.780680229,1.902644628,2.284799746,3.101987478,1.741885276,1.861192487,2.235021747,plate7_20240212,0.011137585,0.011569351,0.011317294,,2022-11-B,0.349,0.338,0.358,0.091669834,0.05661415,0.120351757,0.089545247,0.160312702,0.128173784,0.18660818,0.158364889,0.191980767,0.162902175,0.215772342,0.190218428,plate6_20240130,0.000453423,0.000801899,0.000963193
11C,DC,11,SU,2022,C,7/7/22,15.466,25.947,25.806,1.013636364,0.986547085,10.07,9.934529148,2022-11-C,0.37,0.279,0.287,1.942247558,0,0,0.647415853,2.242022089,0,0,0.747340696,2.533435828,0,0,0.844478609,plate6_20240209,0.003258412,0.003761329,0.00425022,,2022-11-C,0.394,0.382,0.395,0.226384905,0.188136363,0.229572284,0.214697851,0.303677003,0.269711219,0.306507485,0.293298569,0.319734587,0.288651402,0.322324853,0.310236947,plate7_20240130,0.001080564,0.001476157,0.001561407
11C,DC,11,SU,2022,C,7/7/22,15.466,25.947,25.806,1.013636364,0.986547085,10.07,9.934529148,2022-11-C REDO NO3,0.24,0.217,0.217,3.461182387,2.657069307,2.657069307,2.925107,3.882491823,2.980498774,2.980498774,3.281163123,3.85586578,2.960058578,2.960058578,3.258660979,plate9_20240227,0.014721921,0.016513934,0.016400682,,2022-11-C,0.394,0.382,0.395,0.226384905,0.188136363,0.229572284,0.214697851,0.303677003,0.269711219,0.306507485,0.293298569,0.319734587,0.288651402,0.322324853,0.310236947,plate7_20240130,0.001080564,0.001476157,0.001561407
12A,DC,12,SU,2022,A,7/14/22,16.304,25.507,25.308,1.022101288,0.978376616,10.03,9.813117462,2022-12-A,0.166,0.166,0.167,1.241450239,1.241450239,1.268148094,1.250349524,1.196308899,1.196308899,1.222035972,1.20488459,1.211893527,1.211893527,1.237955753,1.220580936,plate2_20240207,0.006370807,0.006139153,0.006219129,,2022-12-A,0.214,0.217,0.224,0,0,0,0,0,0,0,0,0,0,0,0,plate8_20240131,0,0,0
12B,DC,12,SU,2022,B,7/14/22,16.91,26.53,26.369,1.017020827,0.983264033,10,9.832640333,2022-12-B,0.286,0.229,0.235,2.44982071,0.853937505,1.021925211,1.441894475,2.363516367,0.823854277,0.98592397,1.391098205,2.341217768,0.816081622,0.976622269,1.377973886,plate3_20240207,0.007332184,0.007073879,0.007007141,,2022-12-B,0.376,0.366,0.374,0.346475725,0.308048343,0.338790248,0.331104772,0.390516549,0.35505725,0.383424689,0.376332829,0.397333252,0.3642352,0.390713641,0.384094031,plate5_20240129,0.001683702,0.001913692,0.001953158
12C,DC,12,SU,2022,C,7/14/22,16.069,26.63,26.446,1.017731522,0.982577407,10.01,9.835599848,2022-12-C,0.244,0.241,0.244,1.273906769,1.189912916,1.273906769,1.245908818,1.229028511,1.147993664,0.489498416,0.955506864,1.217433239,1.137162916,1.217433239,1.190676465,plate3_20240207,0.00633367,0.00485739,0.006052892,,2022-12-C,0.398,0.382,0.377,0.431015965,0.369532154,0.350318463,0.383622194,0.468527009,0.411792129,0.394062479,0.424793872,0.470148966,0.417192083,0.400643057,0.429328035,plate5_20240129,0.001950172,0.002159471,0.002182521
13A,DC,13,FA,2022,A,7/19/22,16.3,26.03,25.791,1.025181751,0.975436793,10.04,9.793385406,2022-13-A,0.362,0.314,0.305,6.741975134,4.898016123,4.552273808,5.397421689,7.013967659,5.09561753,4.735926881,5.61517069,7.069580679,5.136020151,4.773477552,5.659692794,plate8_20240227,0.027556465,0.02866818,0.028895487,,2022-13-A,0.592,0.596,0.583,0.866081759,0.87882928,0.837399836,0.860770292,0.870290615,0.881977495,0.843995137,0.865421082,0.834353298,0.844927332,0.810561723,0.829947451,plate6_20240130,0.004394651,0.004418396,0.004237286
13B,DC,13,FA,2022,B,7/19/22,16.569,26.48,26.256,1.023123774,0.97739885,10.03,9.803310463,2022-13-B,0.366,0.291,0.281,4.689656788,2.589810465,2.309830955,3.196432736,4.524445618,2.498574446,2.228458289,3.083826118,4.481759727,2.47500164,2.207433895,3.054731754,plate3_20240207,0.016302823,0.015728494,0.015580103,,2022-13-B,0.51,0.472,0.484,0.861402642,0.715378591,0.761491449,0.779424227,0.865671165,0.730925826,0.773476986,0.790024659,0.840847149,0.715074551,0.754792214,0.770237971,plate5_20240129,0.003975311,0.004029377,0.003928459
13C,DC,13,FA,2022,A,7/19/22,15.205,25.845,25.569,1.026630645,0.97406015,10.02,9.760082707,2022-13-C,0.363,0.286,0.302,4.605662935,2.44982071,2.897787926,3.31775719,4.443410771,2.363516367,2.795702218,3.200876452,4.401489404,2.341217768,2.76932616,3.170677777,plate3_20240207,0.016996563,0.016397794,0.016243089,,2022-13-C,0.422,0.375,0.364,0.523241681,0.342632986,0.300362866,0.388745845,0.553629328,0.386970619,0.34796539,0.429521779,0.549584291,0.394023447,0.357615589,0.433741109,plate5_20240129,0.001991509,0.0022004,0.002222016
14A,DC,14,FA,2022,A,7/19/22,15.172,25.224,25.021,1.02061123,0.979805014,10.04,9.83724234,2022-14-A,0.479,0.334,0.344,5.330537402,1.925568577,2.160394013,3.13883333,5.537183725,2.000216147,2.244144946,3.26051494,5.416547366,1.956638256,2.195252677,3.189479433,plate7_20240212,0.015953827,0.016572302,0.016211248,,2022-14-A,0.867,0.867,0.853,1.742473855,1.742473855,1.69785753,1.727601747,1.673763563,1.673763563,1.632859485,1.66012887,1.561318097,1.561318097,1.52430898,1.548981725,plate6_20240130,0.008780925,0.008437979,0.007873049
14B,DC,14,FA,2022,B,,16.595,26.448,26.235,1.022095436,0.978382219,10.01,9.793606008,2022-14-B,0.198,0.219,0.203,2.095781586,2.656436533,2.229270859,2.327162993,2.019575238,2.559843774,2.148210604,2.242543205,2.045884771,2.593191526,2.176195903,2.2717574,plate2_20240207,0.011881032,0.011449017,0.011598166,,2022-14-B,0.254,0.264,0.262,0,0,0,0,0,0,0,0,0,0,0,0,plate7_20240130,0,0,0
14C,DC,14,FA,2022,C,7/19/22,16.06,25.89,25.679,1.021935752,0.978535097,10.04,9.82449237,2022-14-C,0.279,0.256,0.257,2.253835053,1.609882181,1.637880132,1.833865789,2.174435058,1.553167899,1.580179514,1.769260824,2.153920346,1.538514533,1.565271308,1.752568729,plate3_20240207,0.009333133,0.009004337,0.008919386,,2022-14-C,0.313,0.306,0.312,0.104383219,0.077484051,0.10054048,0.094135917,0.167122961,0.142301451,0.163577031,0.157667148,0.188815524,0.165646888,0.185505719,0.179989377,plate5_20240129,0.000479088,0.000802419,0.000916024
15A,DC,15,FA,2022,A,,15.933,25.773,25.574,1.020641012,0.979776423,10.02,9.817359756,2022-15-A,0.422,0.383,0.391,3.992032415,3.076213214,3.264073563,3.444106397,4.146789574,3.19546726,3.390610299,3.577622378,4.056445164,3.12584892,3.316740458,3.499678181,plate7_20240212,0.017540899,0.018220899,0.017823928,,2022-15-A,0.5,0.52,0.517,0.609036963,0.675870358,0.665845349,0.65025089,0.641468328,0.70125592,0.692287781,0.678337343,0.635024128,0.692218688,0.683639504,0.670294107,plate8_20240131,0.00331174,0.003454785,0.003413821
15B,DC,15,FA,2022,B,,15.664,26.266,26.035,1.022273648,0.978211658,10,9.782116582,2022-15-B,0.591,0.548,0.535,12.81215147,11.67388182,11.32975378,11.93859569,12.68343123,11.55659746,11.21592679,11.81865182,12.15688915,11.07683495,10.75030694,11.32801035,plate5_20240208,0.061022559,0.060409482,0.057901632,,2022-15-B,0.597,0.587,0.565,1.195720865,1.157293483,1.072753243,1.14192253,1.174167073,1.138707773,1.060697314,1.124524053,1.128800201,1.095702149,1.022886435,1.082462928,plate5_20240129,0.005836787,0.005747857,0.005532867
15C,DC,15,FA,2022,A,,14.716,24.478,24.3,1.018572621,0.981766032,10,9.817660316,2022-15-C,0.29,0.279,0.275,3.976036618,3.553462677,3.399799427,3.643099574,4.136442465,3.696820561,3.53695805,3.790073692,4.169239887,3.726132267,3.565002223,3.820124792,plate8_20240227,0.018553807,0.019302326,0.019455373,,2022-15-C,0.474,0.454,0.446,0.490029878,0.426292271,0.400797228,0.439039792,0.525527678,0.467093282,0.443719523,0.478780161,0.522419312,0.469549144,0.448401078,0.480123178,plate6_20240130,0.00223597,0.002438362,0.002445202
16A,DC,16,FA,2022,A,7/20/22,15.493,26.352,25.147,1.124818728,0.889032139,10,8.890321392,2022-16-A,0.208,0.193,0.191,0.825939974,0.249702783,0.172871157,0.416171305,0.859260995,0.25977658,0.179845325,0.432960967,0.866073986,0.261836321,0.181271299,0.436393869,plate8_20240227,0.002340586,0.002435013,0.00245432,,2022-16-A,0.525,0.529,0.521,0.652560776,0.665308297,0.639813254,0.652560776,0.674535388,0.686222267,0.662848509,0.674535388,0.657238238,0.667812271,0.646664205,0.657238238,plate6_20240130,0.003670063,0.00379365,0.003696369
16B,DC,16,FA,2022,B,7/20/22,14.47,24.53,24.318,1.021527214,0.978926441,10.03,9.818632207,2022-16-B,0.209,0.209,0.219,2.389457987,2.389457987,2.656436533,2.478450836,2.302573043,2.302573043,2.559843774,2.388329953,2.332569262,2.332569262,2.593191526,2.41944335,plate2_20240207,0.012621161,0.012162234,0.012320674,,2022-16-B,0.284,0.289,0.265,0,0,0,0,0,0.010709234,0,0.003569745,0.017322878,0.031621518,0,0.016314799,plate8_20240131,0,1.82E-05,8.31E-05
16C,DC,16,FA,2022,C,7/20/22,14.626,24.33,24.134,1.02061422,0.979802143,10.03,9.827415499,2022-16-C,0.307,0.317,0.309,5.005847738,5.272826284,5.059243448,5.112639157,4.823826206,5.081096937,4.875280353,4.926734499,4.886667448,5.147289712,4.938791901,4.990916353,plate2_20240207,0.026012125,0.025066278,0.025392823,,2022-16-C,0.223,0.211,0.229,0,0,0,0,0,0,0,0,0,0,0,0,plate8_20240131,0,0,0
17A,LK,17,SP,2022,A,7/13/22,14.718,24.222,23.969,1.027348395,0.97337963,10.03,9.762997685,2022-17-A,0.547,0.353,0.38,6.927350368,2.371736906,3.005765583,4.101617619,7.195899555,2.463680865,3.12228862,4.260623013,7.039125432,2.410005656,3.054264594,4.167798561,plate7_20240212,0.021005934,0.02182026,0.021344871,,2022-17-A,0.877,0.877,0.849,1.765888734,1.765888734,1.676642135,1.736139868,1.670799803,1.670799803,1.591546307,1.644381971,1.570832816,1.570832816,1.498305382,1.546657005,plate7_20240130,0.008891428,0.008421501,0.007921015
17B,LK,17,SP,2022,B,7/13/22,14.497,24.883,24.576,1.030459371,0.970440978,10.01,9.714114192,2022-17-B,0.335,0.271,0.256,5.70474819,3.246136176,2.669898985,3.87359445,5.934895711,3.377095539,2.777611124,4.029867458,5.981952882,3.403872179,2.799634514,4.061819858,plate8_20240227,0.019937971,0.020742331,0.020906795,,2022-17-B,0.429,0.426,0.415,0.346620262,0.337059621,0.302003937,0.328561273,0.394050286,0.385285127,0.353146209,0.377493874,0.403461435,0.39553091,0.366452318,0.388481555,plate6_20240130,0.001691154,0.001943017,0.001999573
17C,LK,17,SP,2022,C,7/13/22,14.63,23.981,23.714,1.029392338,0.971446904,10.08,9.792184793,2022-17-C,0.206,0.206,0.204,2.309364423,2.309364423,2.255968714,2.291565854,2.225391823,2.225391823,2.173937677,2.208240441,2.254382583,2.254382583,2.20225813,2.237007765,plate2_20240207,0.011700994,0.011275525,0.011422414,,2022-17-C,0.231,0.221,0.223,0,0,0,0,0,0,0,0,0,0,0,0,plate7_20240130,0,0,0
18A,LK,18,SP,2022,A,7/13/22,16.065,25.48,25.265,1.023369565,0.9771641,10.04,9.810727562,2022-18-A,0.234,0.24,0.228,3.056904352,3.21709148,2.896717225,3.056904352,2.94574987,3.100112309,2.791387431,2.94574987,2.984124921,3.14049828,2.827751563,2.984124921,plate2_20240207,0.015579397,0.015012902,0.015208479,,2022-18-A,0.24,0.25,0.237,0,0,0,0,0,0,0,0,0,0,0,0,plate8_20240131,0,0,0
18B,LK,18,SP,2022,B,7/13/22,15.935,24.614,24.388,1.02673607,0.973960134,10.05,9.788299343,2022-18-B,0.404,0.362,0.372,5.753578925,4.577664984,4.857644494,5.062962801,5.550887012,4.416399155,4.686515312,4.884600493,5.498517158,4.374732629,4.642300374,4.83851672,plate3_20240207,0.025862321,0.024951221,0.024715819,,2022-18-B,0.585,0.576,0.566,1.149608006,1.115023363,1.076595981,1.11374245,1.131615913,1.099702543,1.064243244,1.098520567,1.089082539,1.059294292,1.02619624,1.058191024,plate5_20240129,0.005689152,0.005611396,0.005405388
18C,LK,18,SP,2022,C,7/13/22,15.49,24.87,24.67,1.021786492,0.978678038,10.02,9.806353945,2022-18-C,0.665,0.488,0.367,9.698290515,5.541880294,2.700492516,5.980221108,10.07425938,5.756719644,2.805181182,6.212053401,9.854775604,5.631300345,2.744065846,6.076713932,plate7_20240212,0.030491563,0.031673614,0.030983554,,2022-18-C,0.317,0.504,0.338,0,0.585636288,0.05661415,0.214083479,0.066817668,0.613179272,0.128173784,0.269390241,0.107388499,0.601724562,0.162902175,0.290671745,plate6_20240130,0.001091555,0.001373549,0.001482058
19A,LK,19,SP,2022,A,7/14/22,16.306,25.88,25.658,1.023738238,0.9768122,10.05,9.816962607,2022-19-A,0.623,0.483,0.461,8.712023683,5.424467576,4.907851616,6.348114292,9.049758423,5.634755245,5.098111888,6.594208519,8.852595034,5.511993135,4.987041407,6.450543192,plate7_20240212,0.032332375,0.033585788,0.032854068,,2022-19-A,0.368,0.371,0.383,0.143513064,0.153075199,0.191323742,0.162637335,0.230084471,0.238575917,0.272541701,0.247067363,0.252387685,0.260158481,0.291241667,0.267929278,plate7_20240130,0.000828349,0.00125837,0.001364624
19B,LK,19,SP,2022,B,7/14/23,15.467,25.726,25.542,1.018263027,0.982064529,10.08,9.899210449,2022-19-B,0.328,0.314,0.286,0.706271839,0.294279933,0,0.333517257,0.81528076,0.339700317,0,0.384993692,0.921249392,0.383853913,0,0.435034435,plate6_20240209,0.001684565,0.001944568,0.002197319,,2022-19-B,0.364,0.347,0.349,0.300362866,0.235036317,0.242721793,0.259373659,0.34796539,0.28768458,0.29477644,0.310142137,0.357615589,0.301348901,0.307968511,0.322311,plate5_20240129,0.001310072,0.001566499,0.001627963
19C,LK,19,SP,2022,C,7/14/22,15.622,25.166,25.003,1.017375546,0.982921207,10.03,9.858699707,2022-19-C,0.344,0.271,0.293,1.177119732,0,0,0.392373244,1.358801266,0,0,0.452933755,1.535415653,0,0,0.511805218,plate6_20240209,0.001989985,0.002297127,0.002595703,,2022-19-C,0.312,0.325,0.314,0,0.024244761,0,0.008081587,0.079464965,0.1183269,0.085443724,0.094411863,0.097395262,0.134571726,0.103114718,0.111693902,plate8_20240131,4.10E-05,0.000478825,0.000566474
19C,LK,19,SP,2022,C,7/14/22,15.622,25.166,25.003,1.017375546,0.982921207,10.03,9.858699707,2022-19-C REDO NO3,0.271,0.257,0.259,4.544986973,4.055526837,4.125449714,4.241987841,5.098221586,4.549182339,4.627616517,4.758340147,5.063258094,4.517984146,4.595880424,4.725707555,plate9_20240227,0.021513932,0.024132696,0.023967195,,2022-19-C,0.312,0.325,0.314,0,0.024244761,0,0.008081587,0.079464965,0.1183269,0.085443724,0.094411863,0.097395262,0.134571726,0.103114718,0.111693902,plate8_20240131,4.10E-05,0.000478825,0.000566474
20A,LK,20,SP,2022,A,7/14/22,14.717,25.293,25.109,1.017705928,0.982602118,10.07,9.894803328,2022-20-A,0.365,0.349,0.375,6.857222572,6.242569569,7.2413807,6.780390947,7.133864542,6.494414499,7.533520819,7.053933286,7.190428212,6.545908036,7.593253321,7.10986319,plate8_20240227,0.034262384,0.035644636,0.035927259,,2022-20-A,0.542,0.534,0.539,0.706737741,0.681242699,0.6971771,0.695052514,0.724204625,0.700830866,0.715439465,0.713491652,0.70217788,0.681029813,0.694247355,0.692485016,plate6_20240130,0.00351221,0.003605386,0.003499236
20B,LK,20,SP,2022,B,7/14/23,15.932,25.587,25.393,1.020505232,0.979906784,10,9.79906784,2022-20-B,0.72,0.666,0.673,10.98983041,9.721773058,9.886150864,10.19925145,11.41586777,10.09865226,10.26940242,10.59464081,11.16715492,9.878637046,10.04566714,10.3638197,plate7_20240212,0.052041947,0.054059432,0.052881661,,2022-20-B,0.574,0.595,0.161,1.107337886,1.188035388,0,0.765124425,1.092610683,1.167075213,0,0.753228632,1.052674682,1.122180591,0,0.724951758,plate5_20240129,0.003904067,0.003843369,0.003699085
20C,LK,20,SP,2022,C,7/14/22,15.926,25.49,25.31,1.019181586,0.981179423,10,9.811794228,2022-20-C,0.468,0.432,0.455,5.072229422,4.226857851,4.766956355,4.688681209,5.268862047,4.390718373,4.951754609,4.87044501,5.154071502,4.295059585,4.843872755,4.764334614,plate7_20240212,0.023893088,0.024819339,0.024278611,,2022-20-C,0.506,0.488,0.488,0.592010049,0.534646203,0.534646203,0.553767485,0.619022712,0.566431755,0.566431755,0.583962074,0.607011579,0.559428429,0.559428429,0.575289479,plate6_20240130,0.002821948,0.002975817,0.002931622
21A,LK,21,FASP,2022,A,7/21/23,16.067,25.55,25.39,1.017161858,0.983127702,10.05,9.880433407,2022-21-A,0.283,0.266,0.248,3.707125928,3.054057112,2.362572483,3.041251841,3.856683072,3.177267401,2.457886103,3.163945525,3.88726231,3.202459624,2.477374426,3.18903212,plate8_20240227,0.015390275,0.016011168,0.016138119,,2022-21-A,0.315,0.307,0.303,0,0,0,0,0.060974228,0.03760047,0.025913591,0.041496096,0.102101482,0.080953415,0.070379382,0.084478093,plate6_20240130,0,0.000209991,0.000427502
21B,LK,21,FASP,2022,B,7/21/22,16.573,26.951,26.812,1.013575544,0.986606283,10.01,9.875928888,2022-21-B,0.359,0.31,0.287,4.493671131,3.121771534,2.477818661,3.364420442,4.335364308,3.011795143,2.390527983,3.245895811,4.294462306,2.983380356,2.367974542,3.215272401,plate3_20240207,0.017033438,0.01643337,0.016278329,,2022-21-B,0.509,0.486,0.457,0.857559904,0.769176926,0.657737518,0.761491449,0.862125235,0.780568846,0.677736877,0.773476986,0.837537344,0.761411824,0.665427473,0.754792214,plate5_20240129,0.00385529,0.003915971,0.003821373
21C,LK,21,FASP,2022,C,7/21/22,16.91,26.493,26.408,1.008949252,0.991130126,10.05,9.960857769,2022-21-C,0.473,0.338,0.36,5.87696625,3.155215157,3.598759779,4.210313729,5.570909861,2.990900148,3.411346175,3.991052061,5.339238687,2.866520942,3.269482352,3.82508066,plate4_20240207,0.021134293,0.020033677,0.019200559,,2022-21-C,0.424,0.379,0.392,0.530927158,0.358003939,0.407959536,0.432296878,0.560721188,0.401154339,0.447251429,0.469708985,0.556203901,0.407262667,0.450290135,0.471252235,plate5_20240129,0.002169978,0.002357774,0.00236552
22A,LK,22,FASP,2022,A,7/21/22,14.628,24.63,24.453,1.018015267,0.982303539,10.01,9.832858428,2022-22-A,0.625,0.399,0.411,8.75898877,3.451933912,3.733724435,5.314882372,9.098544183,3.585753338,3.878467896,5.520921805,8.900317919,3.507631995,3.7939693,5.400639738,plate7_20240212,0.027026131,0.02807384,0.027462206,,2022-22-A,0.621,0.603,0.611,0.949919831,0.892547017,0.918046046,0.920170965,0.946196414,0.895247738,0.917891594,0.919778582,0.907724852,0.861100073,0.881822197,0.883549041,plate7_20240130,0.004679061,0.004677066,0.004492839
22B,LK,22,FASP,2022,B,7/21/22,15.496,26.056,25.834,1.021474173,0.978977273,10.02,9.809352273,2022-22-B,0.308,0.257,0.242,0.117711973,0,0,0.039237324,0.135880127,0,0,0.045293376,0.153541565,0,0,0.051180522,plate6_20240209,0.0002,0.000230868,0.000260876,,2022-22-B,0.504,0.49,0.477,0.622403642,0.575620266,0.53217856,0.576734156,0.653425847,0.611574532,0.572712598,0.612570992,0.64646304,0.606426848,0.569250384,0.607380091,plate8_20240131,0.002939716,0.003122382,0.003095924
22B,LK,22,FASP,2022,B,7/21/22,15.496,26.056,25.834,1.021474173,0.978977273,10.02,9.809352273,2022-22-B REDO NO3,0.264,0.219,0.216,4.300256905,2.726992184,2.622107869,3.216452319,4.823701962,3.058932952,2.941281684,3.6079722,4.79062112,3.037954857,2.921110439,3.583228805,plate9_20240227,0.016394825,0.018390471,0.01826435,,2022-22-B,0.504,0.49,0.477,0.622403642,0.575620266,0.53217856,0.576734156,0.653425847,0.611574532,0.572712598,0.612570992,0.64646304,0.606426848,0.569250384,0.607380091,plate8_20240131,0.002939716,0.003122382,0.003095924
22C,LK,22,FASP,2022,C,7/21/22,14.496,24.334,24.127,1.021493095,0.978959138,10.02,9.809170563,2022-22-C,0.225,0.23,0.237,2.816623661,2.950112934,3.136997916,2.967911504,2.714206212,2.842841578,3.022931089,2.85999296,2.749564884,2.879876016,3.062311601,2.897250833,plate2_20240207,0.015128249,0.014578159,0.014768072,,2022-22-C,0.26,0.257,0.262,0,0,0,0,0,0,0,0,0,0,0,0,plate7_20240130,0,0,0
23A,LK,23,FASP,2022,A,,16.571,26.123,25.956,1.017794353,0.98251675,10.03,9.854643007,2022-23-A,0.209,0.209,0.211,2.389457987,2.389457987,2.442853696,2.407256557,2.302573043,2.302573043,2.540286974,2.38181102,2.332569262,2.332569262,2.384693715,2.349944079,plate2_20240207,0.012213819,0.012084715,0.01192303,,2022-23-A,0.248,0.234,0.245,0,0,0,0,0,0,0,0,0,0,0,0,plate8_20240131,0,0,0
23B,LK,23,FASP,2022,B,,14.61,24.13,24.011,1.012658228,0.9875,10,9.875,2022-23-B,0.302,0.288,0.293,0,0,0,0,0,0,0,0,0,0,0,0,plate6_20240209,0,0,0,,2022-23-B,0.314,0.298,0.315,0,0,0,0,0.085443724,0.037613651,0.088433104,0.070496826,0.103114718,0.05735907,0.105974446,0.088816078,plate8_20240131,0,0.000356946,0.000449702
23B,LK,23,FASP,2022,B,,14.61,24.13,24.011,1.012658228,0.9875,10,9.875,2022-23-B REDO NO3,0.274,0.254,0.252,4.649871287,3.950642522,3.880719646,4.160411152,5.215872854,4.431531071,4.353096893,4.666833606,5.180102512,4.401139728,4.32324345,4.634828563,plate9_20240227,0.021065373,0.023629537,0.023467486,,2022-23-B,0.314,0.298,0.315,0,0,0,0,0.085443724,0.037613651,0.088433104,0.070496826,0.103114718,0.05735907,0.105974446,0.088816078,plate8_20240131,0,0.000356946,0.000449702
23C,LK,23,FASP,2022,C,,15.931,25.634,25.475,1.016659681,0.983613315,10.01,9.845969288,2022-23-C,0.344,0.332,0.294,2.160394013,1.87860349,0.986266832,1.675088111,2.244144946,1.951430388,1.024500954,1.740025429,2.195252677,1.908915371,1.00218057,1.702116206,plate7_20240212,0.008506466,0.008836232,0.008643721,,2022-23-C,0.388,0.377,0.383,0.207260634,0.17219947,0.191323742,0.190261282,0.286694111,0.255558809,0.272541701,0.271598207,0.304192994,0.275700074,0.291241667,0.290378245,plate7_20240130,0.000966189,0.001379235,0.001474605
24A,LK,24,FASP,2022,A,,15.623,25.245,25.037,1.022094752,0.978382873,10.01,9.793612555,2022-24-A,0.482,0.327,0.268,5.400985032,1.761190771,0.375720698,2.512632167,5.610362365,1.829465989,0.390286078,2.610038144,5.488131692,1.789608161,0.381783074,2.553174309,plate7_20240212,0.012827913,0.013325206,0.013034895,,2022-24-A,0.388,0.395,0.379,0.207260634,0.229572284,0.178574227,0.205135715,0.286694111,0.306507485,0.261219773,0.284807123,0.304192994,0.322324853,0.280880605,0.302466151,plate7_20240130,0.001047293,0.001454045,0.001544201
24B,LK,24,FASP,2022,B,,15.914,25.56,25.357,1.021497405,0.978955007,10.05,9.838497823,2022-24-B,0.346,0.337,0.34,6.047064068,5.806783377,5.88687694,5.913574795,5.827182057,5.5956384,5.672819619,5.698546692,5.903094277,5.668534239,5.746720919,5.772783145,plate2_20240207,0.03005324,0.028960451,0.029337726,,2022-24-B,0.227,0.243,0.233,0,0,0,0,0,0,0,0,0,0,0,0,plate5_20240129,0,0,0
24C,LK,24,FASP,2022,C,7/11/22,15.204,24.919,24.717,1.021234101,0.979207411,10.03,9.821450335,2022-24-C,0.281,0.258,0.269,4.311703519,3.697652863,3.991329263,4.000228548,4.154922306,3.563199625,3.846197429,3.85477312,4.209049562,3.609618355,3.896302845,3.904990254,plate2_20240207,0.020364755,0.019624256,0.019879906,,2022-24-C,0.263,0.263,0.277,0,0,0,0,0,0,0,0,0,0,0,0,plate8_20240131,0,0,0
25A,LK,25,SU,2022,A,7/19/22,16.914,26.473,26.337,1.014432771,0.98577257,10.04,9.897156606,2022-25-A,0.307,0.273,0.267,4.629105434,3.322967801,3.092472925,3.681515387,4.815858136,3.457026795,3.217233029,3.83003932,4.854042574,3.484437201,3.242742135,3.860407303,plate8_20240227,0.018598854,0.01934919,0.019502608,,2022-25-A,0.309,0.312,0.31,0,0,0,0,0.043443909,0.052209069,0.046365629,0.047339536,0.086240432,0.094170957,0.088883941,0.08976511,plate6_20240130,0,0.000239157,0.000453489
25B,LK,25,SU,2022,B,7/19/23,15.493,24.917,24.79,1.013660321,0.986523769,10,9.865237691,2022-25-B,0.378,0.348,0.343,2.177671504,1.294831705,1.147691739,1.540064983,2.513782342,1.494681393,1.324831234,1.77776499,2.840518959,1.688957219,1.497030262,2.00883548,plate6_20240209,0.007805514,0.009010249,0.010181384,,2022-25-B,0.321,0.322,0.337,0.135125124,0.138967862,0.196608935,0.156900641,0.195490401,0.199036331,0.25222528,0.215584004,0.215293966,0.218603771,0.268250849,0.234049528,plate5_20240129,0.00079522,0.001092645,0.001186234
25C,LK,25,SU,2022,C,7/19/22,14.629,24.324,24.193,1.013697198,0.98648788,10.01,9.874743682,2022-25-C,0.286,0.233,0.244,3.822373367,1.786335292,2.208909232,2.60587263,3.976579955,1.858401687,2.390867901,2.741949848,4.008109843,1.873136761,2.316244382,2.732496995,plate8_20240227,0.013194634,0.013883651,0.013835787,,2022-25-C,0.36,0.361,0.364,0.126725518,0.129912398,0.139473039,0.132036985,0.19245162,0.195373339,0.204138499,0.197321153,0.221059359,0.223702867,0.231633392,0.225465206,plate6_20240130,0.000668559,0.00099912,0.001141626
26A,LK,26,SU,2022,A,7/19/22,14.497,23.843,23.542,1.033278054,0.967793709,10.03,9.706970897,2022-26-A,0.262,0.224,0.245,0,0,0,0,0,0,0,0,0,0,0,0,plate6_20240209,0,0,0,,2022-26-A,0.449,0.443,0.429,0.438611807,0.418561789,0.371778413,0.40965067,0.489009969,0.471073692,0.429222377,0.463102013,0.489178,0.472019631,0.431983439,0.46439369,plate8_20240131,0.002110085,0.00238541,0.002392063
26A,LK,26,SU,2022,A,7/19/22,14.497,23.843,23.542,1.033278054,0.967793709,10.03,9.706970897,2022-26-A REDO NO3,0.231,0.209,0.201,3.146529443,2.377377801,2.097686295,2.54053118,3.529538021,2.666762061,0.644999489,2.28043319,3.505332527,2.648473465,2.336888351,2.830231448,plate9_20240227,0.013086117,0.011746369,0.014578345,,2022-26-A,0.449,0.443,0.429,0.438611807,0.418561789,0.371778413,0.40965067,0.489009969,0.471073692,0.429222377,0.463102013,0.489178,0.472019631,0.431983439,0.46439369,plate8_20240131,0.002110085,0.00238541,0.002392063
26B,LK,26,SU,2022,B,7/19/22,15.47,25.29,25.053,1.024731295,0.97586558,10.02,9.778173116,2022-26-B,0.394,0.343,0.319,3.334521194,2.136911469,1.573330422,2.348254362,3.463788938,2.219752066,1.63432295,2.439287985,3.388324784,2.171391235,1.598716623,2.386144214,plate7_20240212,0.012007633,0.012473127,0.01220138,,2022-26-B,0.465,0.463,0.48,0.452688781,0.446314024,0.500499459,0.466500754,0.504641224,0.49898026,0.547098454,0.516906646,0.503643437,0.498462906,0.542497419,0.51486792,plate7_20240130,0.002385419,0.002643166,0.002632741
26C,LK,26,SU,2022,C,7/19/22,15.657,25.37,25.111,1.027395811,0.973334706,10.05,9.782013796,2022-26-C,0.572,0.563,0.503,10.45723469,10.20525313,8.525376071,9.729287963,10.08883844,9.845733897,8.225036959,9.386536431,9.993655272,9.752844302,8.147437832,9.297979135,plate3_20240207,0.049730496,0.047978548,0.047525895,,2022-26-C,0.466,0.429,0.417,0.692322162,0.550140849,0.50402799,0.582163667,0.709650247,0.578450838,0.535899678,0.608000254,0.69521572,0.572752927,0.533035265,0.600334637,plate5_20240129,0.002975684,0.003107746,0.003068564
27A,LK,27,SU,2022,A,7/20/22,16.572,26.021,25.682,1.037211855,0.964123188,10,9.641231876,2022-27-A,0.268,0.256,0.258,3.130888737,2.669898985,2.74673061,2.849172777,3.257198656,2.777611124,2.85754238,2.964117387,3.283024646,2.799634514,2.880199536,2.987619565,plate8_20240227,0.014775979,0.015372088,0.015493972,,2022-27-A,0.306,0.297,0.29,0,0,0,0,0.03467875,0.008383272,0,0.014354007,0.078309907,0.054518332,0.036013773,0.056280671,plate6_20240130,0,7.44E-05,0.000291875
27B,LK,27,SU,2022,B,7/20/22,15.466,24.686,24.335,1.039576051,0.961930586,10.03,9.648163774,2022-27-B,0.538,0.54,0.448,6.886150432,6.945006418,4.237631035,6.022929295,7.948987406,8.01692747,4.891684558,6.952533144,8.982181573,9.058952356,5.527496353,7.856210094,plate6_20240209,0.031212827,0.036030344,0.040713499,,2022-27-B,0.519,0.496,0.499,0.624807221,0.551497515,0.561059651,0.579121462,0.657487251,0.592386166,0.600877612,0.61691701,0.643517773,0.583941667,0.591712463,0.606390634,plate7_20240130,0.0030012,0.00319707,0.003142518
27C,LK,27,SU,2022,C,7/20/22,15.169,24.726,24.456,1.029072898,0.971748457,10,9.717484566,2022-27-C,0.331,0.3,0.295,3.014087322,2.389092627,2.288287031,2.563822327,2.857121867,2.264675192,2.169119277,2.430305445,2.738305948,2.170496688,2.078914549,2.329239061,plate4_20240207,0.0131918,0.012504807,0.011984784,,2022-27-C,0.292,0.296,0.284,0.023685717,0.039056669,0,0.020914129,0.092658432,0.106842152,0.064290992,0.087930525,0.119309615,0.132548836,0.092831173,0.114896541,plate5_20240129,0.000107611,0.000452435,0.000591185
28A,LK,28,SU,2022,A,7/20/22,15.46,25.07,24.681,1.042186314,0.959521332,10,9.595213319,2022-28-A,0.229,0.223,0.215,2.923415079,2.763227952,2.549645115,2.745429382,2.817114505,2.662752066,2.456935481,2.645600684,2.85381379,2.697440431,2.48894262,2.680065614,plate2_20240207,0.014306245,0.013786044,0.013965639,,2022-28-A,0.334,0.253,0.26,0.185080721,0,0,0.061693574,0.24158749,0,0,0.080529163,0.258321433,0,0.013395848,0.090572427,plate5_20240129,0.000321481,0.000419632,0.000471967
28B,LK,28,SU,2022,B,7/20/22,15.207,25.01,24.779,1.024132888,0.976435785,10.05,9.813179639,2022-28-B,0.402,0.423,0.341,2.883943343,3.501931202,1.088835752,2.491570099,3.329063102,4.042433766,1.256891171,2.876129346,3.761768351,4.567861569,1.420259479,3.249963133,plate6_20240209,0.012695019,0.014654421,0.016559175,,2022-28-B,0.375,0.376,0.368,0.165824713,0.169012092,0.143513064,0.159449956,0.249897845,0.252728327,0.230084471,0.244236881,0.270519543,0.273109809,0.252387685,0.265339012,plate7_20240130,0.000812428,0.001244433,0.001351952
28C,LK,28,SU,2022,C,7/20/22,15.467,25.18,24.866,1.033407809,0.967672192,10.05,9.725105529,2022-28-C,0.476,0.372,0.401,5.260089771,2.817905234,3.498898999,3.858964668,5.464005086,2.927145582,3.634539097,4.008563255,5.34496304,2.863373057,3.555354879,3.921230325,plate7_20240212,0.01984022,0.020609356,0.020160348,,2022-28-C,0.47,0.413,0.415,0.477282356,0.295630176,0.302003937,0.35830549,0.513840799,0.34730277,0.353146209,0.404763259,0.511845278,0.361165302,0.366452318,0.413154299,plate6_20240130,0.001842168,0.002081022,0.002124164
29A,LK,29,FA,2022,A,7/18/22,15.463,24.922,24.737,1.019948242,0.980441907,10.04,9.843636748,2022-29-A,0.229,0.215,0.212,2.923415079,2.549645115,2.469551551,2.647537248,2.817114505,2.456935481,2.379754262,2.551268083,2.85381379,2.48894262,2.410755941,2.584504117,plate2_20240207,0.013447963,0.012958971,0.013127791,,2022-29-A,0.21,0.201,0.219,0,0,0,0,0,0,0,0,0,0,0,0,plate7_20240130,0,0,0
29B,LK,29,FA,2022,B,7/11/22,15.496,24.995,24.815,1.019315377,0.981050637,10.15,9.957663965,2022-29-B,0.211,0.214,0.227,2.442853696,2.52294726,2.87001937,2.611940109,2.354027189,2.431208408,2.765660358,2.516965318,2.384693715,2.462880394,2.801689337,2.549754482,plate2_20240207,0.013115225,0.012638332,0.012802975,,2022-29-B,0.231,0.253,0.229,0,0,0,0,0,0,0,0,0,0,0,0,plate6_20240130,0,0,0
29C,LK,29,FA,2022,C,7/11/22,15.66,25.064,24.874,1.020620794,0.979795832,10,9.797958316,2022-29-C,0.204,0.203,0.209,2.255968714,2.229270859,2.389457987,2.291565854,2.173937677,2.148210604,2.302573043,2.208240441,2.20225813,2.176195903,2.332569262,2.237007765,plate2_20240207,0.011694099,0.011268881,0.011415683,,2022-29-C,0.224,0.23,0.227,0,0,0,0,0,0,0,0,0,0,0,0,plate8_20240131,0,0,0
30A,LK,30,FA,2022,A,7/18/22,15.623,25.207,25.056,1.016007633,0.984244574,10.03,9.87197308,2022-30-A,0.157,0.167,0.159,1.001169548,1.268148094,1.054565257,1.107960966,0.964765241,1.222035972,1.016219387,1.067673534,0.97733349,1.237955753,1.029457942,1.081582395,plate2_20240207,0.005611649,0.005407599,0.005478046,,2022-30-A,0.214,0.211,0.211,0,0,0,0,0,0,0,0,0,0,0,0,plate7_20240130,0,0,0
30B,LK,30,FA,2022,B,7/18/22,16.572,26.281,26.131,1.015692018,0.984550417,10.04,9.884886188,2022-30-B,0.224,0.206,0.233,2.789925806,2.309364423,3.030206498,2.709832242,2.688479139,2.225391823,2.920022797,2.61129792,2.723502658,2.254382583,2.958062695,2.645315978,plate2_20240207,0.013706947,0.013208538,0.013380609,,2022-30-B,0.29,0.269,0.31,0,0,0,0,0.013698614,0,0.073486206,0.029061607,0.034481246,0,0.091675806,0.042052351,plate8_20240131,0,0.000147,0.00021271
30C,LK,30,FA,2022,C,7/18/23,16.56,26.24,26.132,1.011282908,0.988842975,10.05,9.937871901,2022-30-C,0.285,0.213,0.22,2.086675838,0.635075255,0.77620309,1.165984728,1.978007446,0.602002266,0.735780548,1.10526342,1.895750271,0.576967474,0.705182468,1.059300071,plate4_20240207,0.00586637,0.005560866,0.005329612,,2022-30-C,0.393,0.406,0.392,0.251478302,0.294920009,0.248136633,0.264844981,0.321604712,0.360466647,0.318615332,0.33356223,0.329033231,0.366209695,0.326173503,0.340472143,plate8_20240131,0.001332503,0.001678238,0.001713003
31A,LK,31,FA,2022,A,,15.624,25.612,25.513,1.010011123,0.990088106,10.01,9.910781938,2022-31-A,0.553,0.476,0.385,7.068245629,5.260089771,3.123178301,5.150504567,7.342256834,5.464005086,3.24425302,5.350171647,7.182294084,5.34496304,3.173571805,5.233609643,plate7_20240212,0.02598435,0.026991673,0.026403616,,2022-31-A,0.4,0.402,0.4,0.254200732,0.260574492,0.254200732,0.256325319,0.309320412,0.315163852,0.309320412,0.311268225,0.326799693,0.33208671,0.326799693,0.328562032,plate6_20240130,0.001293164,0.001570351,0.001657599
31B,LK,31,FA,2022,B,,16.301,26.045,25.94,1.010893246,0.989224138,10.06,9.951594828,2022-31-B,0.229,0.232,0.233,2.923415079,3.003508643,3.030206498,2.985710073,2.817114505,2.894295724,2.920022797,2.877144342,2.85381379,2.932000469,2.958062695,2.914625651,plate2_20240207,0.015001164,0.014455695,0.014644013,,2022-31-B,0.279,0.26,0.269,0,0,0,0,0,0,0,0,0.003024238,0,0,0.001008079,plate8_20240131,0,0,5.06E-06
31C,LK,31,FA,2022,C,,15.915,26.261,26.161,1.009759906,0.990334429,10.04,9.942957665,2022-31-C,0.437,0.303,0.295,5.151165959,2.449575984,2.288287031,3.296342991,4.882907271,2.322008741,2.169119277,3.12467843,4.679847288,2.225445971,2.078914549,2.994735936,plate4_20240207,0.01657627,0.015713023,0.015059583,,2022-31-C,0.414,0.454,0.385,0.321653367,0.455320156,0.224744945,0.333906156,0.384381683,0.503956867,0.297689675,0.395342742,0.389087519,0.50347664,0.306155407,0.399573189,plate8_20240131,0.001679109,0.001988054,0.002009328
32A,LK,32,FA,2022,A,7/21/22,16.068,26.451,26.303,1.014460186,0.985745931,10.1,9.956033902,2022-32-A,0.232,0.228,0.244,3.003508643,2.896717225,3.323882898,3.074702922,2.894295724,2.791387431,3.203020601,2.962901252,2.932000469,2.827751563,3.244747185,3.001499739,plate2_20240207,0.015441404,0.014879927,0.015073772,,2022-32-A,0.256,0.242,0.23,0,0,0,0,0,0,0,0,0.000156628,0,0,5.22E-05,plate5_20240129,0,0,2.62E-07
32B,LK,32,FA,2022,B,7/21/22,15.65,25.32,25.227,1.009710765,0.990382627,10.03,9.933537746,2022-32-B,0.192,0.192,0.195,1.935594459,1.935594459,2.015688023,1.962292313,1.8652128,1.8652128,1.942394019,1.890939873,1.889511413,1.889511413,1.967698092,1.91557364,plate2_20240207,0.009877107,0.009517958,0.009641951,,2022-32-B,0.241,0.235,0.233,0,0,0,0,0,0,0,0,0,0,0,0,plate8_20240131,0,0,0
32C,LK,32,FA,2022,C,7/21/22,14.48,24.18,24.089,1.009470288,0.990618557,10.03,9.935904124,2022-32-C,0.483,0.348,0.363,5.424467576,2.254324187,2.606562342,3.428451368,5.634755245,2.341716465,2.707609663,3.561360458,5.511993135,2.290698446,2.648620078,3.483770553,plate7_20240212,0.01725284,0.017921673,0.017531221,,2022-32-C,0.337,0.346,0.357,0.05342727,0.082109193,0.117164877,0.08423378,0.125252064,0.151547542,0.18368646,0.153495356,0.160258666,0.184050242,0.213128833,0.18581258,plate6_20240130,0.000423886,0.000772428,0.000935056
1A,DC,1,FASP,2023,A,7/5/23,14.714,24.406,24.221,1.019459346,0.980912092,10.03,9.838548287,2023-1-A,0.439,0.375,0.365,8.788500597,7.094331807,6.829617933,7.570816779,8.70020489,7.023056959,6.184327619,7.302529823,8.339023138,6.731500606,6.48032521,7.183616318,plate5_20240208,0.038475274,0.037111826,0.036507501,,2023-1-A,1.291,1.232,1.26,3.66744695,3.451421959,3.553942294,3.557603734,3.419132676,3.222608366,3.31587414,3.319205061,3.184790364,3.004004281,3.089801066,3.092865237,plate3_20240129,0.018079922,0.016868368,0.015718098
1B,DC,1,FASP,2023,B,7/5/23,15.205,26.919,26.699,1.019140421,0.981219054,10.08,9.890688066,2023-1-B,0.254,0.248,0.325,2.593067359,2.362572483,5.320590063,3.425409968,2.697679869,2.457886103,5.535239434,3.563601802,2.719069492,2.477374426,5.579127772,3.59185723,plate8_20240227,0.017316338,0.018014934,0.018157772,,2023-1-B,0.318,0.342,0.335,0.087140921,0.174071002,0.148716395,0.136642773,0.150261033,0.230576447,0.207151118,0.195996199,0.188112906,0.25955534,0.238717963,0.228795403,plate4_20240129,0.000690765,0.000990812,0.00115662
1C,DC,1,FASP,2023,C,7/5/23,14.496,24.26,24.081,1.018675013,0.981667349,10.43,10.23879045,2023-1-C,0.869,0.815,0.836,13.86076946,12.77206902,13.19545252,13.276097,13.13893835,12.10693447,12.50826931,12.58471404,12.59254407,11.60345697,11.98810196,12.06136767,plate4_20240207,0.06483235,0.061456058,0.058900354,,2023-1-C,2.89,2.881,2.774,9.522090341,9.489137377,9.097363241,9.36953032,8.745274561,8.715296277,8.358887783,8.606486207,8.084399631,8.056822093,7.728955806,7.956725843,plate3_20240129,0.045755064,0.042028823,0.03885579
2A,DC,2,FASP,2023,A,7/14/23,14.496,24.096,23.864,1.024765158,0.975833333,10.01,9.768091667,2023-2-A,0.262,0.264,0.272,3.804444281,3.85783999,4.071422827,3.9112357,3.666107917,3.717562063,3.923378648,3.769016209,3.71386726,3.765991713,3.974489524,3.818116166,plate2_20240207,0.02002047,0.01929249,0.019543818,,2023-2-A,0.235,0.236,0.223,0,0,0,0,0,0,0,0,0,0,0,0,plate1_20240125,0,0,0
2B,DC,2,FASP,2023,B,7/14/23,16.176,25.878,25.648,1.024282095,0.976293548,10.07,9.831276026,2023-2-B,0.61,0.561,0.617,16.26909669,14.38672187,16.53800738,15.73127531,16.92544332,14.96712757,17.20520272,16.36592454,17.0596434,15.08580037,17.34162098,16.49568825,plate8_20240227,0.080006274,0.083233979,0.083893933,,2023-2-B,1.476,1.525,1.502,4.281517297,4.458999544,4.375691551,4.372069464,4.025479736,4.189457039,4.112488101,4.109141625,3.635210343,3.781071979,3.712606313,3.709629545,plate4_20240129,0.022235514,0.020898313,0.01886647
2C,DC,2,FASP,2023,C,7/14/23,15.662,25.481,25.312,1.017512953,0.982788471,10.06,9.886852022,2023-2-C,0.224,0.212,0.206,0.71394775,0.377972338,0.209984632,0.43396824,0.688796199,0.364656811,0.202587117,0.418680042,0.682297749,0.361216456,0.200675809,0.414730005,plate3_20240207,0.002194673,0.002117358,0.002097381,,2023-2-C,0.258,0.265,0.261,0,0,0,0,0.037549634,0.062812142,0.048376423,0.049579399,0.061268338,0.085214904,0.071531152,0.072671465,plate1_20240125,0,0.000250734,0.000367516
3A,DC,3,FASP,2023,A,7/13/23,16.574,25.913,25.743,1.018540735,0.981796766,10.04,9.857239533,2023-3-A,0.511,0.448,0.404,6.081978797,4.602578549,3.56934663,4.751301326,6.31775588,4.78100445,3.707717737,4.935492689,6.180113514,4.67684266,3.626939205,4.827965126,plate7_20240212,0.024100567,0.025034862,0.024489438,,2023-3-A,0.435,0.428,0.422,0.510925063,0.485570456,0.463837936,0.486777818,0.541798674,0.518373345,0.498294492,0.519488837,0.536394771,0.515557395,0.497696786,0.516549651,plate4_20240129,0.002469139,0.002635062,0.002620154
3B,DC,3,FASP,2023,B,7/13/23,15.661,25.327,25.139,1.019835408,0.980550383,10.03,9.834920339,2023-3-B,0.426,0.371,0.379,9.200587149,7.087717449,7.39504395,7.894449516,9.571767831,7.373658308,7.693383329,8.212936489,9.647661382,7.432123278,7.754383365,8.278056008,plate8_20240227,0.040134791,0.041753955,0.042085018,,2023-3-B,0.392,0.418,0.396,0.355175336,0.449349589,0.369663682,0.391396202,0.397900225,0.48490859,0.411286127,0.431364981,0.408393744,0.485789714,0.420300816,0.438161425,plate4_20240129,0.001989829,0.002193027,0.00222758
3C,DC,3,FASP,2023,C,7/13/23,15.201,25.179,24.64,1.057103507,0.945981159,10,9.459811585,2023-3-C,0.567,0.524,0.523,12.17683818,11.03856852,11.01209713,11.40916794,12.05450075,10.92766699,10.90146155,11.2945431,11.5540682,10.474014,10.44889646,10.82565956,plate5_20240208,0.060303357,0.059697506,0.057219213,,2023-3-C,1.128,1.088,1.092,3.070632145,2.924174524,2.938820286,2.977875652,2.876192634,2.742955814,2.756279496,2.791809314,2.685330507,2.562763671,2.575020355,2.607704845,plate3_20240129,0.015739614,0.014756157,0.01378307
4A,DC,4,FASP,2023,A,7/13/23,16.388,26.172,25.985,1.019485256,0.980887163,10.06,9.867724857,2023-4-A,0.318,0.292,0.295,5.585462729,4.897206658,4.97662082,5.153096735,5.529347084,4.848005737,4.926622046,5.101324956,5.29980085,4.646744821,4.72209744,4.889547704,plate5_20240208,0.026110866,0.025848537,0.024775456,,2023-4-A,0.373,0.366,0.372,0.393986894,0.365535089,0.389922351,0.383148111,0.452576546,0.427314039,0.448967617,0.442952734,0.454676203,0.430729638,0.451255265,0.445553702,plate1_20240125,0.001941421,0.002244452,0.002257631
4B,DC,4,FASP,2023,B,7/13/23,15.201,24.951,24.677,1.028915154,0.971897436,10,9.718974359,2023-4-B,0.37,0.299,0.335,2.770940147,1.10367955,1.94905112,1.941223606,2.878359822,1.146465353,2.024609027,2.016478067,2.815650173,1.121487781,1.980499698,1.972545884,plate7_20240212,0.009986772,0.010373924,0.010147912,,2023-4-B,0.333,0.314,0.318,0.141472221,0.072652575,0.087140921,0.100421906,0.200458167,0.136875131,0.150261033,0.162531444,0.232764427,0.176205834,0.188112906,0.199027722,plate4_20240129,0.000516628,0.000836155,0.001023913
4C,DC,4,FASP,2023,C,7/13/23,15.2,24.941,24.627,1.033308582,0.967765117,10.04,9.71636177,2023-4-C,0.658,0.625,0.612,18.1130557,16.84533388,16.34592832,17.1014393,18.84379345,17.52492774,17.00537458,17.79136526,18.99320393,17.66388107,17.14020843,17.93243114,plate8_20240227,0.088003307,0.091553637,0.092279557,,2023-4-C,0.44,0.453,0.45,0.529035496,0.576122623,0.565256363,0.556804827,0.558531052,0.602035234,0.591995808,0.584187365,0.551278612,0.589976597,0.581046293,0.5741005,plate4_20240129,0.002865295,0.003006204,0.002954298
5A,DC,5,SP,2023,A,7/7/23,15.173,25.093,24.867,1.02331339,0.977217742,10.06,9.830810484,2023-5-A,0.631,0.538,0.533,9.062423086,7.187438999,7.086633403,7.778831829,8.590476783,6.813136759,3.922372337,6.441995293,8.23323427,6.52980649,6.438224352,7.067088371,plate4_20240207,0.039563533,0.032764314,0.035943569,,2023-5-A,0.355,0.329,0.354,0.240338623,0.14514117,0.236677183,0.207385658,0.301391084,0.214787151,0.298060164,0.2714128,0.316726403,0.237057959,0.313662232,0.289148865,plate3_20240129,0.001054774,0.001380419,0.001470626
5B,DC,5,SP,2023,B,7/7/23,15.913,25.391,25.15,1.026090722,0.974572695,10,9.745726947,2023-5-B,0.698,0.617,0.607,10.41321807,8.780167417,8.578556225,9.257313905,9.870926048,8.322920221,8.13180839,8.77521822,9.460434929,7.976804282,7.793640004,8.410293072,plate4_20240207,0.04749422,0.04502085,0.043148618,,2023-5-B,0.381,0.372,0.377,0.361602944,0.32682742,0.346147156,0.344859173,0.41611313,0.384752746,0.402175182,0.401013686,0.421670231,0.392579877,0.408741184,0.407663764,plate2_20240126,0.001769284,0.002057382,0.0020915
5C,DC,5,SP,2023,C,7/7/23,16.572,27.118,26.879,1.023188125,0.977337379,10.15,9.919974398,2023-5-C,0.712,0.674,0.65,16.01518934,15.00927662,14.37396333,15.13280976,15.85428903,14.85848245,14.22955197,14.98077448,15.19611144,14.24164494,13.63882399,14.35886012,plate5_20240208,0.07627444,0.075508131,0.072373474,,2023-5-C,0.416,0.418,0.433,0.56876227,0.576891358,0.637859512,0.59450438,0.607760522,0.614978382,0.669112327,0.630617077,0.601776536,0.608618411,0.659932481,0.623442476,plate1_20240125,0.002996502,0.003178522,0.003142359
6A,DC,6,SP,2023,A,7/7/23,15.493,25.179,24.975,1.021514448,0.978938674,10.01,9.79917613,2023-6-A,0.452,0.427,0.433,5.453582747,4.949554767,5.070521482,5.157886332,5.169575016,4.69179544,4.806462538,4.889277665,4.954593704,4.496683011,4.606581577,4.685952764,plate4_20240207,0.026317959,0.024947391,0.023909932,,2023-6-A,0.371,0.36,0.368,0.298921671,0.258645826,0.28793735,0.281834949,0.354685813,0.318045687,0.344693051,0.339141517,0.365753137,0.332047257,0.356560625,0.351453673,plate3_20240129,0.001438054,0.001730459,0.001793282
6B,DC,6,SP,2023,B,7/7/23,15.497,25.737,25.231,1.051982741,0.950585938,10.02,9.524871094,2023-6-B,1.35,1.259,1.251,23.5582678,21.72360595,21.562317,22.28139692,22.3314174,20.59229974,20.43941028,21.12104247,21.40274582,19.73595089,19.58941947,20.24270539,plate4_20240207,0.116964296,0.110873115,0.106262359,,2023-6-B,0.646,0.644,0.651,1.503607304,1.495478217,1.523930022,1.507671848,1.437814347,1.430596488,1.455858996,1.441423277,1.388592266,1.38175039,1.405696956,1.392013204,plate1_20240125,0.007914395,0.007566629,0.007307255
6C,DC,6,SP,2023,C,7/7/23,15.203,24.703,24.505,1.021285745,0.979157895,10.01,9.801370526,2023-6-C,0.458,0.349,0.343,9.291456956,6.406075736,6.247247412,7.314926701,9.198108182,6.341715613,6.184482994,7.241435596,8.81625639,6.078444577,5.927739339,6.940813435,plate5_20240208,0.037315836,0.036940934,0.035407362,,2023-6-C,0.375,0.397,0.373,0.402115982,0.491535941,0.393986894,0.429212939,0.459794406,0.539190859,0.452576546,0.483853937,0.461518079,0.536778714,0.454676203,0.484324332,plate1_20240125,0.002189556,0.002468297,0.002470697
7A,DC,7,SP,2023,A,7/12/23,16.387,25.996,25.841,1.016395177,0.983869289,10.01,9.848531585,2023-7-A,0.585,0.52,0.533,7.819687025,6.29332169,6.598594757,6.903867824,8.122828989,6.537291799,0.698488557,5.119536448,7.945860233,6.394866494,6.705065242,7.015263989,plate7_20240212,0.03505024,0.025991369,0.035615787,,2023-7-A,0.439,0.434,0.426,0.52541341,0.507302976,0.478326283,0.503680889,0.555184576,0.538452199,0.511680394,0.535105723,0.548301844,0.533418003,0.509603859,0.530441235,plate4_20240129,0.002557137,0.002716678,0.002692997
7B,DC,7,SP,2023,B,7/12/23,16.306,27.268,27.053,1.020005583,0.980386791,10.06,9.862691115,2023-7-B,0.648,0.595,0.584,14.32102055,12.91803702,12.62685176,13.28863644,14.1771411,12.78825297,12.49999317,13.15512908,13.58858891,12.25735931,11.98106638,12.60900487,plate5_20240208,0.067368208,0.066691377,0.06392274,,2023-7-B,0.372,0.375,0.384,0.32682742,0.338419262,0.373194786,0.346147156,0.384752746,0.395206208,0.426566592,0.402175182,0.392579877,0.402276661,0.431367015,0.408741184,plate2_20240126,0.001754831,0.002038871,0.002072158
7C,DC,7,SP,2023,C,7/12/23,16.066,16.066,25.587,0,#DIV/0!,10.01,#DIV/0!,2023-7-C,0.788,0.735,0.726,18.02701478,16.62403125,16.38578876,17.01227826,17.8459022,16.45701407,16.22116514,16.84136047,17.10504445,15.77381485,15.547757,16.14220543,plate5_20240208,#DIV/0!,#DIV/0!,#DIV/0!,,2023-7-C,0.389,0.382,0.384,0.392514522,0.365466892,0.373194786,0.377058733,0.443989028,0.419597618,0.426566592,0.430051079,0.447528323,0.424902492,0.431367015,0.434599277,plate2_20240126,#DIV/0!,#DIV/0!,#DIV/0!
8A,DC,8,SP,2023,A,7/12/23,14.495,24.664,24.507,1.015681183,0.98456092,10.03,9.875146032,2023-8-A,0.397,0.538,0.428,8.08652858,13.50315817,9.277418774,10.28903518,8.412764628,14.04791813,9.651699086,10.70412728,8.479468563,14.15930261,9.728226404,10.78899919,plate8_20240227,0.05209561,0.054197311,0.054627036,,2023-8-A,0.351,0.347,0.34,0.206669782,0.192181435,0.166826828,0.188559348,0.260694727,0.247308825,0.223883496,0.243962349,0.286346253,0.27443918,0.253601804,0.271462412,plate4_20240129,0.000954717,0.001235234,0.001374473
8B,DC,8,SP,2023,B,7/12/23,15.931,25.531,25.38,1.015980527,0.984270833,10,9.842708333,2023-8-B,0.633,0.634,0.566,9.681809795,9.711237788,7.710134244,9.034393943,11.17614041,11.21011044,8.900148292,10.42879972,12.62879375,12.66717914,10.05697253,11.78431514,plate6_20240209,0.045893842,0.052977287,0.059863174,,2023-8-B,0.79,0.815,0.814,2.088901586,2.190515177,2.186450633,2.155289132,1.957500221,2.047723462,2.044114533,2.016446072,1.881207332,1.966730781,1.963309843,1.937082652,plate1_20240125,0.010948659,0.01024335,0.009840191
8C,DC,8,SP,2023,C,7/12/23,14.847,24.673,24.543,1.013407591,0.986769794,10,9.867697944,2023-8-C,0.522,0.511,0.474,10.98562575,10.69444048,9.714999153,10.46502179,10.87525611,10.58699631,9.617395165,10.35988253,10.42377892,10.14748599,9.218137023,9.929800645,plate5_20240208,0.053026663,0.052493918,0.050314677,,2023-8-C,1.589,1.591,1.601,5.029251092,5.036978986,5.075618457,5.047282845,4.625373604,4.632342578,4.667187449,4.641634544,4.326242147,4.33270667,4.365029286,4.341326034,plate2_20240126,0.025574774,0.023519338,0.021997664
9A,DC,9,SU,2023,A,7/19/23,16.911,26.691,26.507,1.019174656,0.981186094,10.05,9.860920245,2023-9-A,0.187,0.165,0.175,0,0,0,0,0,0,0,0,0,0,0,0,plate3_20240207,0,0,0,,2023-9-A,0.366,0.354,0.356,0.303643737,0.257276372,0.265004266,0.275308125,0.363845823,0.322031977,0.329000952,0.338292917,0.373186308,0.334399169,0.340863693,0.349483057,plate2_20240126,0.001395956,0.001715321,0.001772061
9A,DC,9,SU,2023,A,7/19/23,16.911,26.691,26.507,1.019174656,0.981186094,10.05,9.860920245,2023-9-A REDO NO3,0.228,0.196,0.208,3.041645128,1.922879104,2.342416363,2.435646865,3.411886754,2.156939902,2.627544971,2.732123876,3.388488109,2.142147655,2.609525326,2.71338703,plate9_20240227,0.012349998,0.013853291,0.013758285,,2023-9-A,0.366,0.354,0.356,0.303643737,0.257276372,0.265004266,0.275308125,0.363845823,0.322031977,0.329000952,0.338292917,0.373186308,0.334399169,0.340863693,0.349483057,plate2_20240126,0.001395956,0.001715321,0.001772061
9B,DC,9,SU,2023,B,7/19/23,15.466,25.127,24.923,1.021571323,0.978884173,10.07,9.857363627,2023-9-B,0.333,0.198,0.206,3.765724406,0,0.209984632,1.325236346,3.633062302,0,0.202587117,1.278549806,3.598786169,0,0.200675809,1.266487326,plate3_20240207,0.006722063,0.006485252,0.006424067,,2023-9-B,0.294,0.292,0.319,0.016990751,0.00966787,0.108526764,0.045061795,0.098204934,0.091543093,0.181477946,0.123741991,0.129811978,0.123683636,0.20641625,0.153303955,plate3_20240129,0.000228569,0.000627663,0.000777611
9C,DC,9,SU,2023,C,7/19/23,14.717,25.762,25.536,1.020889176,0.979538253,10.02,9.814973291,2023-9-C,0.196,0.161,0.156,2.355953473,1.429454916,1.29709798,1.69416879,2.332283841,1.415093566,1.284066384,1.677147931,2.235461022,1.356347137,1.230759439,1.607522533,plate5_20240208,0.008630532,0.008543823,0.008189134,,2023-9-C,0.377,0.403,0.418,0.410245069,0.515923203,0.576891358,0.501019877,0.467012265,0.560844437,0.614978382,0.547611694,0.468359955,0.557304342,0.608618411,0.544760903,plate1_20240125,0.002552324,0.002789675,0.002775152
10A,DC,10,SU,2023,A,7/19/23,14.628,24.415,24.23,1.019266819,0.981097374,10.11,9.918894452,2023-10-A,0.246,0.195,0.202,1.300392189,0.272175109,0.413302944,0.661956747,1.232671307,0.258000971,0.391779253,0.627483844,1.181409589,0.247271775,0.375486769,0.601389378,plate4_20240207,0.003336847,0.003163073,0.003031534,,2023-10-A,0.369,0.363,0.369,0.37772872,0.353341458,0.37772872,0.369599633,0.438140828,0.41648725,0.438140828,0.430922968,0.440992452,0.420466824,0.440992452,0.434150576,plate1_20240125,0.001863109,0.002172233,0.002188503
10A,DC,10,SU,2023,A,7/19/23,14.628,24.415,24.23,1.019266819,0.981097374,10.11,9.918894452,2023-10-A,0.203,0.152,0.189,0.433464063,0,0.151208394,0.194890819,0.410890436,0,0.143333873,0.184741436,0.393803196,0,0.137373208,0.177058802,plate4_20240207,0.000982422,0.00093126,0.000892533,,2023-10-A,0.294,0.272,0.299,0.025439543,0,0.044759279,0.023399607,0.112962749,0.036304031,0.130385184,0.093217322,0.140463478,0.069353725,0.156624786,0.12214733,plate2_20240126,0.000117955,0.000469898,0.000615731
10B,DC,10,SU,2023,B,7/19/23,16.069,25.747,25.613,1.014040235,0.986154164,10,9.861541641,2023-10-B,0.152,0.158,0.16,1.636710141,1.810520068,1.86845671,1.77189564,1.578811106,1.746472462,1.802359581,1.709214383,1.592876977,1.762032055,1.818417081,1.724442038,plate1_20240206,0.008983867,0.008666061,0.008743268,,2023-10-B,0.244,0.244,0.235,0,0,0,0,0,0,0,0,0,0,0,0,plate4_20240129,0,0,0
10C,DC,10,SU,2023,C,7/19/23,15.466,25.303,25.123,1.018639329,0.981701738,10.01,9.826834401,2023-10-C,0.383,0.25,0.28,4.062465521,1.381036666,1.985870242,2.476457477,3.850903386,1.309116039,1.882451531,2.347490319,3.69076019,1.2546753,1.804168133,2.249867874,plate4_20240207,0.012600484,0.011944286,0.011447572,,2023-10-C,0.352,0.344,0.352,0.229354301,0.200062777,0.229354301,0.21959046,0.291398323,0.264750959,0.291398323,0.282515868,0.30753389,0.283020523,0.30753389,0.299362768,plate3_20240129,0.0011173,0.001437471,0.00152319
11A,DC,11,SU,2023,A,7/19/23,16.573,26.339,26.212,1.013175641,0.986995699,10.66,10.52137416,2023-11-A,0.141,0.149,0.152,1.318058609,1.549805178,1.636710141,1.501524643,1.271431953,1.494980428,1.578811106,1.448407829,1.282759336,1.508299439,1.592876977,1.461311917,plate1_20240206,0.007135592,0.006883169,0.006944492,,2023-11-A,0.245,0.257,0.284,0,0,0,0,0,0,0.036480864,0.012160288,0,0.006530053,0.086902791,0.031144281,plate4_20240129,0,5.78E-05,0.000148005
11B,DC,11,SU,2023,B,7/19/23,16.306,25.986,25.824,1.017020382,0.983264463,10.07,9.90147314,2023-11-B,0.163,0.161,0.141,1.955361673,1.897425031,1.318058609,1.723615104,1.886190259,1.830303141,1.271431953,1.662641784,1.902994619,1.846609593,1.282759336,1.677454516,plate1_20240206,0.008703832,0.008395931,0.008470732,,2023-11-B,0.182,0.191,0.188,0,0,0,0,0,0,0,0,0,0,0,0,plate4_20240129,0,0,0
11C,DC,11,SU,2023,C,7/9/23,14.493,24.321,24.18,1.01455559,0.985653236,10.03,9.886101954,2023-11-C,0.215,0.179,0.208,0.461966191,0,0.265980534,0.242648908,0.445691658,0,0.256610348,0.234100669,0.441486779,0,0.254189358,0.231892046,plate3_20240207,0.001227222,0.001183989,0.001172818,,2023-11-C,0.323,0.368,0.323,0.13749401,0.311371632,0.13749401,0.195453217,0.214012876,0.370814798,0.214012876,0.266280183,0.234199062,0.379650831,0.234199062,0.282682985,plate2_20240126,0.000988525,0.00134674,0.001429699
12A,DC,12,SU,2023,A,7/19/23,15.494,25.085,24.841,1.026104633,0.974559483,10.09,9.833305182,MISSING KCL EXTRACT,,,,,,,,,,,,,,,,,0,0,0,,,,,,,,,#DIV/0!,,,,#DIV/0!,,,,#DIV/0!,,#DIV/0!,#DIV/0!,#DIV/0!
12B,DC,12,SU,2023,B,7/19/23,16.387,25.999,25.787,1.022553191,0.977944236,10.06,9.838119018,2023-12-B,0.222,0.208,0.214,3.664492617,3.258936122,3.432746048,3.452058262,3.534860264,3.143650432,3.311311789,3.329940828,3.566352879,3.171657699,3.340812776,3.359607784,plate1_20240206,0.0175443,0.016923666,0.017074442,,2023-12-B,0.215,0.214,0.214,0,0,0,0,0,0,0,0,0,0,0,0,plate1_20240125,0,0,0
12C,DC,12,SU,2023,C,7/19/23,15.663,25.364,25.169,1.02051336,0.979898979,10.01,9.808788785,2023-12-C,0.327,0.318,0.314,6.706166331,6.445451441,6.329578157,6.493731976,6.468934001,6.217441966,6.105667729,6.264014565,6.526566731,6.272834115,6.160064063,6.319821636,plate1_20240206,0.0331016,0.031930622,0.032215097,,2023-12-C,0.202,0.209,0.208,0,0,0,0,0,0,0,0,0,0,0,0,plate1_20240125,0,0,0
13A,DC,13,FA,2023,A,7/18/23,15.93,25.782,25.429,1.037161807,0.964169712,10.01,9.651338814,2023-13-A,0.22,0.217,0.213,3.606555975,3.519651012,3.403777727,3.509994905,3.478973145,3.395142467,3.283368229,3.385827947,3.509967853,3.425390314,3.312620263,3.41599281,plate1_20240206,0.018183979,0.017540716,0.017696989,,2023-13-A,0.234,0.223,0.223,0,0,0,0,0,0,0,0,0,0,0,0,plate2_20240126,0,0,0
13B,DC,13,FA,2023,B,7/18/23,16.913,27.191,26.898,1.029344016,0.971492508,10.24,9.948083285,2023-13-B,0.302,0.285,0.277,2.429414865,2.086675838,1.925386885,2.147159196,2.302897558,1.978007446,1.825117982,2.035340995,2.207129543,1.895750271,1.749218849,1.950699555,plate4_20240207,0.010791824,0.010229815,0.009804399,,2023-13-B,0.337,0.342,0.338,0.19158927,0.210909006,0.195453217,0.199317164,0.262795696,0.280218132,0.266280183,0.26976467,0.279450724,0.295612031,0.282682985,0.285915247,plate2_20240126,0.001001787,0.001355863,0.001437037
13C,DC,13,FA,2023,A,7/18/23,14.627,25.618,25.336,1.026332991,0.974342644,10.02,9.762913293,2023-13-C,0.287,0.242,0.239,4.764849721,3.573637291,3.494223129,3.944236714,4.716978555,3.537733916,3.459117607,3.904610026,4.521157123,3.390867842,3.315515224,3.742513396,plate5_20240208,0.020200101,0.019997156,0.019166991,,2023-13-C,0.386,0.376,0.399,0.353843279,0.317228874,0.401442006,0.35750472,0.40464962,0.371340415,0.447951587,0.407980541,0.411715701,0.381073992,0.451549922,0.414779872,plate3_20240129,0.001830933,0.002089441,0.002124263
14A,DC,14,FA,2023,A,7/18/23,14.496,24.329,24.114,1.02235392,0.978134852,10.01,9.791129869,2023-14-A,0.211,0.202,0.192,0.349974387,0.097992828,0,0.149322405,0.337645195,0.094540655,0,0.14406195,0.334459681,0.093648711,0,0.142702797,plate3_20240207,0.000762539,0.000735676,0.000728735,,2023-14-A,0.401,0.412,0.406,0.438881887,0.481385306,0.458201623,0.459489605,0.485802873,0.524132232,0.503225309,0.504386805,0.486315461,0.521870338,0.502476769,0.503554189,plate2_20240126,0.002346459,0.002575733,0.002571482
14B,DC,14,FA,2023,B,7/18/23,15.203,24.774,24.534,1.025720716,0.97492425,10.05,9.797988716,2023-14-B,0.39,0.241,0.245,2.530807424,0,0,0.843602475,2.921422722,0,0,0.973807574,3.301143655,0,0,1.100381218,plate6_20240209,0.004304978,0.004969426,0.005615342,,2023-14-B,0.338,0.328,0.339,0.195453217,0.156813746,0.199317164,0.183861376,0.266280183,0.231435312,0.26976467,0.255826722,0.282682985,0.25036037,0.285915247,0.272986201,plate2_20240126,0.000938261,0.001305506,0.001393073
14B,DC,14,FA,2023,B,7/18/23,15.203,24.774,24.534,1.025720716,0.97492425,10.05,9.797988716,2023-14-B REDO NO3,0.297,0.21,0.212,5.453984367,2.412339239,2.482262116,3.449528574,6.117865904,2.70597915,2.784413328,3.86941946,6.075909713,2.687421604,2.765317882,3.842883066,plate9_20240227,0.017603248,0.019745989,0.019610571,,2023-14-B,0.338,0.328,0.339,0.195453217,0.156813746,0.199317164,0.183861376,0.266280183,0.231435312,0.26976467,0.255826722,0.282682985,0.25036037,0.285915247,0.272986201,plate2_20240126,0.000938261,0.001305506,0.001393073
14C,DC,14,FA,2023,C,7/18/23,15.203,26.155,25.88,1.025756299,0.974890431,10.03,9.778151023,2023-14-C,0.169,0.169,0.164,2.1291716,2.1291716,1.984329994,2.080891064,2.053851616,2.053851616,1.914133819,2.007279017,2.072149696,2.072149696,1.931187132,2.025162175,plate1_20240206,0.010640514,0.010264103,0.010355548,,2023-14-C,0.221,0.213,0.23,0,0,0,0,0,0,0,0,0,0,0,0,plate3_20240129,0,0,0
15A,DC,15,FA,2023,A,7/18/23,14.498,24.312,24.127,1.019212795,0.981149378,10.06,9.870362747,2023-15-A,0.272,0.173,0.168,4.367778911,1.747111564,1.614754628,2.576548368,4.323897009,1.729558803,1.598531621,2.550662478,4.14439403,1.657757612,1.532169914,2.444773852,plate5_20240208,0.013051944,0.012920814,0.012384417,,2023-15-A,0.274,0.265,0.262,0,0,0,0,0.095292509,0.062812142,0.051985353,0.070030001,0.116003346,0.085214904,0.07495209,0.09205678,plate1_20240125,0,0.000354749,0.000466329
15B,DC,15,FA,2023,B,7/18/23,16.176,24.354,25.484,0.878599055,1.138175593,10,11.38175593,2023-15-B,0.177,0.182,0.182,2.360918168,2.505759774,2.505759774,2.457479239,2.277400091,2.417117888,2.417117888,2.370545289,2.297689799,2.438652364,2.438652364,2.391664842,plate1_20240206,0.010795695,0.010413794,0.010506572,,2023-15-B,0.255,0.284,0.255,0,0,0,0,0,0.064895729,0,0.02163191,0.010309313,0.099170269,0.010309313,0.039929632,plate3_20240129,0,9.50E-05,0.000175411
15C,DC,15,FA,2023,A,7/18/23,17.773,27.466,27.302,1.01721062,0.983080574,10,9.830805736,2023-15-C,0.305,0.265,0.269,2.489898223,1.683453454,1.764097931,1.979149869,2.360231107,1.595783785,1.672228517,1.876081137,2.262078826,1.529421717,1.602687427,1.798062657,plate4_20240207,0.010066061,0.009541848,0.009145042,,2023-15-C,0.281,0.289,0.278,0.020048881,0.05256523,0.00785525,0.02682312,0.120555016,0.149426454,0.109728227,0.126569899,0.139949911,0.167317415,0.129687097,0.145651474,plate1_20240125,0.000136424,0.000643741,0.000740791
16A,DC,16,FA,2023,A,7/20/23,14.495,24.298,24.116,1.018916952,0.981434255,10.03,9.843785576,2023-16-A,0.12,0.117,0.127,0.709723867,0.622818903,0.912502114,0.748348295,0.684617205,0.600786527,0.880222121,0.721875284,0.690716565,0.606139027,0.888064156,0.728306583,plate1_20240206,0.00380112,0.003666655,0.003699322,,2023-16-A,0.196,0.195,0.179,0,0,0,0,0,0,0,0,0,0,0,0,plate1_20240125,0,0,0
16B,DC,16,FA,2023,B,7/20/23,15.661,25.444,25.221,1.02332636,0.977205356,10,9.772053562,2023-16-B,0.23,0.196,0.207,3.255980643,2.355953473,2.647138734,2.753024283,3.223268679,2.332283841,2.620543642,2.725365387,3.089457368,2.235461022,2.511753957,2.612224116,plate5_20240208,0.014086212,0.013944691,0.013365789,,2023-16-B,0.264,0.31,0.268,0,0.0755738,0,0.025191267,0,0.151499662,0.011601001,0.054366887,0.037886851,0.178838712,0.050143535,0.088956366,plate3_20240129,0.000128894,0.000278175,0.000455157
16C,DC,16,FA,2023,C,7/20/23,14.628,24.81,24.14,1.070437342,0.934197604,10.01,9.351318012,2023-16-C,0.186,0.176,0.175,2.621633058,2.331949847,2.302981526,2.41885481,2.528892126,2.249456532,2.221512972,2.33328721,2.551422415,2.269497287,2.241304774,2.354074825,plate1_20240206,0.012933229,0.012475713,0.012586861,,2023-16-C,0.258,0.247,0.261,0,0,0,0,0,0,0,0,0.019501826,0,0.028694338,0.016065388,plate3_20240129,0,0,8.59E-05
17A,LK,17,SP,2023,A,7/13/23,15.494,25,24.526,1.052480071,0.950136756,10.03,9.52987166,2023-17-A,1.163,1.177,1.209,19.78813851,20.07039418,20.71554999,20.19136089,18.75762617,19.02518273,19.63674059,19.13984983,17.97757383,18.23400382,18.82012951,18.34390238,plate4_20240207,0.105937213,0.100420292,0.096244226,,2023-17-A,2.61,2.6,2.502,8.496886996,8.460272591,8.10145142,8.352870335,7.81261682,7.779307615,7.452877406,7.681600614,7.226431779,7.19579007,6.895501322,7.105907724,plate3_20240129,0.043824674,0.04030275,0.037282284
17B,LK,17,SP,2023,B,7/13/23,15.465,25.04,24.51,1.058595909,0.94464752,10.11,9.550386423,2023-17-B,0.862,0.934,0.891,25.9498815,28.71582002,27.06394007,27.24321386,26.9967815,29.87430669,28.1557847,28.34229097,27.21083617,30.11117696,28.37902899,28.56701404,plate8_20240227,0.142628856,0.148382954,0.149559467,,2023-17-B,0.739,0.732,0.708,1.612039414,1.586684807,1.499754726,1.566159649,1.559127246,1.535701917,1.455386503,1.516738555,1.441332268,1.420494891,1.349052457,1.403626539,plate4_20240129,0.008199457,0.007940718,0.007348533
17C,LK,17,SP,2023,C,7/13/23,15.565,25.105,24.693,1.045135846,0.956813417,10.03,9.596838574,2023-17-C,0.702,0.663,0.662,10.49386255,9.707578901,9.687417782,9.962953077,9.94737078,9.202034641,9.182923458,9.444109627,9.53370064,8.819359958,8.80104353,9.051368043,plate4_20240207,0.051907475,0.049204275,0.047158072,,2023-17-C,0.805,0.774,0.803,1.887986857,1.774482201,1.880663976,1.847711011,1.800305311,1.697046775,1.79364347,1.763665186,1.695603307,1.600614009,1.689474965,1.661897427,plate3_20240129,0.009626665,0.009188782,0.008658567
18A,LK,18,SP,2023,A,7/13/23,16.305,25.741,25.449,1.031933508,0.969054684,10.03,9.719618482,2023-18-A,0.405,0.442,0.454,8.393855081,9.815240152,10.27622991,9.49510838,8.732489649,10.21121787,10.69080541,9.878170976,8.801728651,10.29218156,10.77557169,9.956493966,plate8_20240227,0.048845067,0.050815631,0.051218543,,2023-18-A,0.432,0.468,0.46,0.500058803,0.630453923,0.60147723,0.577329985,0.531759247,0.652232368,0.625460563,0.603150726,0.527464467,0.634628118,0.610813973,0.590968853,plate4_20240129,0.002969921,0.003102749,0.003040083
18B,LK,18,SP,2023,B,7/13/23,15.929,25.316,24.99,1.035978369,0.96527112,10.01,9.662363908,2023-18-B,0.446,0.488,0.511,9.968903403,11.58236754,12.46593123,11.33906739,10.37108038,12.04963675,12.96884618,11.79652111,10.4533116,12.14517706,13.07167482,11.89005449,plate8_20240227,0.058676466,0.06104366,0.061527669,,2023-18-B,0.378,0.39,0.388,0.304466122,0.347931162,0.340686989,0.331028091,0.351049567,0.391207274,0.384514323,0.375590388,0.366718991,0.402440208,0.396486672,0.388548623,plate4_20240129,0.001712977,0.001943574,0.002010629
18C,LK,18,SP,2023,C,7/13/23,15.621,25.05,24.766,1.031055221,0.969880157,10.03,9.727897974,2023-18-C,0.365,0.356,0.329,6.857222572,6.511480258,5.474253314,6.280985381,7.133864542,6.774173893,5.695101945,6.534380127,7.190428212,6.827885613,5.740257816,6.586190547,plate8_20240227,0.032283364,0.033585776,0.033852075,,2023-18-C,0.409,0.313,0.305,0.416750809,0.069030488,0.040053794,0.175278364,0.454790309,0.133528655,0.106756851,0.231691939,0.458998801,0.173229066,0.149414921,0.260547596,plate4_20240129,0.000900906,0.001190863,0.001339177
19A,LK,19,SP,2023,A,7/14/23,16.387,26.014,25.637,1.040756757,0.960839306,10.03,9.63721824,2023-19-A,0.494,0.463,0.455,11.81286241,10.62197222,10.31464572,10.91649345,12.28943051,11.05049605,10.73077103,11.3568992,12.38687213,11.13811429,10.8158542,11.44694687,plate8_20240227,0.05663716,0.058922082,0.059389269,,2023-19-A,0.509,0.508,0.498,0.778959477,0.77533739,0.739116524,0.76447113,0.789437866,0.78609139,0.752626635,0.776051964,0.756675609,0.753698841,0.72393116,0.744768537,plate4_20240129,0.003966244,0.004026328,0.003864022
19B,LK,19,SP,2023,B,7/14/23,16.916,25.644,25.354,1.034368334,0.966773602,10,9.667736022,2023-19-B,1.191,1.173,1.148,20.35264984,19.9897497,19.48572172,19.94270709,19.29273929,18.948738,18.47095842,18.90414524,18.49043381,18.16073811,17.70282741,18.11799978,plate4_20240207,0.103140524,0.097769246,0.093703426,,2023-19-B,0.749,0.685,0.699,1.922255298,1.662124506,1.719028116,1.76780264,1.809534104,1.578562605,1.62908762,1.672394776,1.740948876,1.522008846,1.569901978,1.610953233,plate1_20240125,0.009142795,0.008649361,0.008331595
19C,LK,19,SP,2023,C,7/14/23,15.171,24.115,23.96,1.017635681,0.982669946,10.05,9.875832961,2023-19-C,0.89,0.821,0.685,20.72709629,18.90057056,15.30046188,18.30937624,20.51885671,18.7106816,15.14674225,18.12542685,19.66703349,17.93392326,14.51793787,17.37296487,plate5_20240208,0.092697883,0.091766573,0.08795696,,2023-19-C,0.555,0.59,0.574,1.133733834,1.275992861,1.210960163,1.20689562,1.109401747,1.235714286,1.177971411,1.174362481,1.077286912,1.19701974,1.142284733,1.138863795,plate1_20240125,0.006110348,0.005945638,0.005765913
20A,LK,20,SP,2023,A,7/14/23,16.178,25.683,25.503,1.019302949,0.981062599,10.03,9.840057864,2023-20-A,1.15,1.057,0.893,27.60965699,25.14781797,20.80651045,24.52132847,27.33227018,24.8951646,20.59747302,24.27496927,26.19759378,23.86166259,19.7423861,23.26721416,plate5_20240208,0.124599514,0.123347696,0.118227019,,2023-20-A,1.196,1.204,1.239,3.510719865,3.541631442,3.676869592,3.576406966,3.255970155,3.283846052,3.405803102,3.315206436,3.05596337,3.081821462,3.194950615,3.110911816,plate2_20240126,0.018172693,0.016845462,0.015807386
20B,LK,20,SP,2023,B,7/14/23,15.931,25.365,25.105,1.028340964,0.97244011,10.03,9.753574306,2023-20-B,0.643,0.557,0.587,9.304356517,7.570500264,8.175333841,8.35006354,8.81981098,7.176249237,7.749584729,7.915214982,8.453031403,6.877818617,7.42731145,7.586053823,plate4_20240207,0.042805146,0.040575971,0.038888584,,2023-20-B,0.601,0.59,0.585,1.141052991,1.100777145,1.082469943,1.108100026,1.120797528,1.084157403,1.0675028,1.090819244,1.070512444,1.036806564,1.021485709,1.042934906,plate3_20240129,0.005680482,0.005591895,0.005346424
20C,LK,20,SP,2023,C,7/14/23,15.494,25.189,24.999,1.019989479,0.980402269,10.01,9.813826715,2023-20-C*,0.872,0.831,0.784,18.85661998,17.70870399,16.39280029,17.65270809,18.19232313,17.08484688,15.81530095,17.03082365,18.02068762,16.92365986,15.66609146,16.87014632,plate3_20240207,0.089937945,0.086769535,0.085950908,,2023-20-C*,0.428,0.425,0.431,0.54320846,0.531616619,0.554800302,0.54320846,0.579884026,0.569430565,0.590337488,0.579884026,0.573586522,0.563889737,0.583283307,0.573586522,plate2_20240126,0.002767567,0.002954424,0.002922339
21A,LK,21,FASP,2023,A,7/18/23,16.174,25.776,25.57,1.021924223,0.978546136,10,9.785461362,2023-21-A,0.872,0.835,0.821,13.92125282,13.17529141,12.89303574,13.32985999,13.1962719,12.48915813,12.22160156,12.6356772,12.64749336,11.96978553,11.71335554,12.11021148,plate4_20240207,0.068110534,0.064563523,0.061878592,,2023-21-A,0.267,0.262,0.27,0,0,0,0,0.018881596,0.00145916,0.029335057,0.016558604,0.053192417,0.03703111,0.062889202,0.051037576,plate2_20240126,0,8.46E-05,0.000260783
21B,LK,21,FASP,2023,B,7/18/23,16.77,25.854,25.628,1.02551366,0.975121092,10.02,9.770713342,2023-21-B,0.797,0.766,0.74,18.26525726,17.44464426,16.75638819,17.48876324,18.08175113,17.2693826,16.58804125,17.31305833,17.33110231,16.55245858,15.89940255,16.59432114,plate5_20240208,0.089495836,0.088596696,0.084918678,,2023-21-B,0.406,0.42,0.403,0.42707209,0.478332257,0.416087768,0.440497371,0.47126803,0.517900917,0.461275269,0.483481405,0.472999119,0.515897511,0.463806606,0.484234412,plate3_20240129,0.002254172,0.002474136,0.002477989
21C,LK,21,FASP,2023,C,7/18/23,14.627,24.257,24.04,1.023053224,0.977466251,10.02,9.794211838,2023-21-C,0.951,0.931,0.798,29.36888883,28.60057258,23.49126948,27.15357696,30.55372237,29.75440981,24.43898133,28.24903784,30.79597965,29.99032943,24.63275547,28.47302152,plate8_20240227,0.138620531,0.14421292,0.14535637,,2023-21-C,0.488,0.526,0.503,0.702895657,0.840534951,0.757226957,0.766885855,0.719161879,0.84632795,0.769359012,0.778282947,0.69416348,0.807280667,0.738815001,0.746753049,plate4_20240129,0.003914995,0.003973178,0.003812216
22A,LK,22,FASP,2023,A,7/18/23,15.624,25.447,25.181,1.027833002,0.972920696,10.12,9.845957447,2023-22-A,0.789,0.761,0.727,22.65501199,21.67609172,20.48740282,21.60616884,25.41267375,24.31459526,22.98121423,24.23616108,25.23839419,24.1478463,22.82360956,24.06995002,plate9_20240227,0.109721015,0.12307671,0.122232653,,2023-22-A,0.303,0.325,0.311,0.032809621,0.112495528,0.061786314,0.069030488,0.1000639,0.173686362,0.126835704,0.133528655,0.143461385,0.208950283,0.167275529,0.173229066,plate4_20240129,0.000350552,0.000678089,0.000879696
22B,LK,22,FASP,2023,B,7/18/23,16.338,26.107,25.81,1.031355574,0.969597707,10,9.69597707,2023-22-B,0.779,0.683,0.671,12.04626873,10.11080129,9.868867855,10.67531262,11.41893188,9.584258302,9.354924106,10.11937143,10.94406558,9.185688513,8.96589138,9.69854849,plate4_20240207,0.055050216,0.052183351,0.05001326,,2023-22-B,0.402,0.394,0.404,0.412426327,0.383134803,0.419749209,0.405103446,0.457944348,0.431296984,0.464606189,0.451282507,0.460742435,0.436229068,0.466870777,0.454614093,plate3_20240129,0.002089028,0.002327164,0.002344344
22C,LK,22,FASP,2023,C,7/18/23,15.662,25.861,25.625,1.023687644,0.976860477,10.01,9.77837337,2023-22-C,0.206,0.192,0.211,3.20099948,2.795442985,3.345841085,3.114094516,3.087763314,2.696553482,3.227481111,3.003932635,3.115272673,2.720577493,3.256235237,3.030695134,plate1_20240206,0.015923377,0.015360084,0.015496929,,2023-22-C,0.246,0.251,0.26,0,0,0,0,0,0,0,0,0,0,0.015460357,0.005153452,plate4_20240129,0,0,2.64E-05
23A,LK,23,FASP,2023,A,7/11/23,15.467,25.106,24.957,1.015700738,0.984541965,10,9.845419649,2023-23-A (extraction 1),0.172,0.156,0.152,2.216076563,1.752583426,1.636710141,1.86845671,2.137682294,1.690585344,0,1.276089213,2.156727235,1.705647029,1.592876977,1.818417081,plate1_20240206,0.009488964,0.006480624,0.009234838,,2023-23-A,0.266,0.261,0.266,0,0,0,0,0.015397109,0,0.015397109,0.010264739,0.049960156,0.033798848,0.049960156,0.044573053,plate2_20240126,0,5.21E-05,0.000226364
23A,LK,23,FASP,2023,A,7/11/23,15.467,25.106,24.957,1.015700738,0.984541965,10,9.845419649,2023-23-A (extraction 2),0.44,0.439,0.429,9.979586613,9.950618292,9.660935081,9.863713329,9.626556213,9.598612654,9.31917706,9.514781975,9.712320686,9.684128173,9.402203044,9.599550634,plate1_20240206,0.050092905,0.048320855,0.048751353,,2023-23-A,0.257,0.266,0.272,0,0,0,0,0,0.00493916,0.024924683,0.009954614,0.016437655,0.044015193,0.062400218,0.040951022,plate3_20240129,0,5.06E-05,0.00020797
23B,LK,23,FASP,2023,B,7/11/23,14.716,24.455,24.196,1.027320675,0.973405894,10.03,9.763261115,2023-23-B,0.448,0.359,0.347,9.026743083,6.670789609,6.353132961,7.350221884,8.936053818,6.603769977,6.28930474,7.276376178,8.565080995,6.329619972,6.028209498,6.974303488,plate5_20240208,0.037642248,0.037264066,0.03571708,,2023-23-B,0.468,0.483,0.468,0.697766346,0.755725553,0.697766346,0.717086081,0.719263512,0.771530819,0.719263512,0.736685948,0.702876983,0.751360906,0.702876983,0.71903829,plate2_20240126,0.00367237,0.003772745,0.003682367
23C,LK,23,FASP,2023,C,7/11/23,16.387,26.38,26.218,1.016478486,0.983788652,10.04,9.877238067,2023-23-C,0.394,0.269,0.168,8.647043843,5.026003708,2.100203279,5.257750277,8.341152481,4.848207556,2.025908056,5.071756031,8.415465094,4.891400984,2.043957184,5.116941087,plate1_20240206,0.026615488,0.025673959,0.025902692,,2023-23-C,0.232,0.234,0.232,0,0,0,0,0,0,0,0,0,0,0,0,plate4_20240129,0,0,0
24A,LK,24,FASP,2023,A,7/11/23,15.661,25.89,25.633,1.025772162,0.974875354,10.01,9.758502297,2023-24-A,0.203,0.197,0.196,3.114094516,2.94028459,2.911316269,2.988565125,3.003932635,2.836271279,2.80832772,2.882843878,3.030695134,2.861540057,2.833347544,2.908527578,plate1_20240206,0.015312622,0.014770934,0.014902531,,2023-24-A,0.204,0.201,0.201,0,0,0,0,0,0,0,0,0,0,0,0,plate1_20240125,0,0,0
24B,LK,24,FASP,2023,B,7/11/23,16.305,25.813,25.592,1.023796705,0.976756416,10,9.767564156,2023-24-B,0.275,0.288,0.271,2.141843249,2.505816612,2.029851446,2.225837102,2.066388596,2.417539599,1.958342133,2.147423442,2.046893248,2.394731317,1.939866151,2.127163572,plate3_20240207,0.011394023,0.010992625,0.010888915,,2023-24-B,0.317,0.311,0.361,0.166372451,0.14198519,0.345212371,0.217856671,0.250476485,0.228822907,0.40926939,0.296189594,0.263103678,0.24257805,0.413624948,0.306435559,plate1_20240125,0.001115205,0.00151619,0.001568639
24C,LK,24,FASP,2023,C,7/11/23,16.305,25.695,25.541,1.016673885,0.983599574,10.01,9.845831736,2023-24-C,0.619,0.583,0.584,13.55335032,12.60038037,12.62685176,12.92686082,13.41718344,12.47378773,12.49999317,12.79698812,12.86018026,11.95594884,11.98106638,12.26573182,plate5_20240208,0.065646363,0.064986831,0.062288957,,2023-24-C,0.313,0.309,0.325,0.086558121,0.071912359,0.130495407,0.096321963,0.161492423,0.148168741,0.201463469,0.170374878,0.188031225,0.175774541,0.224801276,0.196202347,plate3_20240129,0.000489151,0.000865213,0.000996373
25A,LK,25,SU,2023,A,7/6/23,15.931,25.292,25.08,1.023171931,0.977352847,10.03,9.802849055,2023-25-A,0.295,0.288,0.26,4.97662082,4.791321108,4.050122263,4.606021397,4.926622046,4.743183991,4.009431772,4.559745936,4.72209744,4.546274663,3.842983555,4.370451886,plate5_20240208,0.023493279,0.023257249,0.022291743,,2023-25-A,0.454,0.431,0.446,0.602821235,0.518608103,0.57352971,0.564986349,0.631152214,0.554541043,0.60450485,0.596732702,0.620079322,0.549603391,0.595565955,0.588416222,plate3_20240129,0.002881746,0.00304367,0.003001251
25B,LK,25,SU,2023,B,7/6/23,15.625,27.188,26.98,1.018317922,0.982011589,10,9.820115887,2023-25-B,0.364,0.304,0.346,3.679404256,2.469737104,3.31650411,3.155215157,3.487790908,2.341119924,3.143789613,2.990900148,3.342748063,2.243762398,3.013052364,2.866520942,plate4_20240207,0.016065061,0.015228436,0.014595148,,2023-25-B,0.342,0.345,0.337,0.210909006,0.222500847,0.19158927,0.208333041,0.280218132,0.290671593,0.262795696,0.27789514,0.295612031,0.305308816,0.279450724,0.29345719,plate2_20240126,0.001060746,0.001414928,0.001494164
25C,LK,25,SU,2023,C,7/6/23,14.494,24.199,24.046,1.016017588,0.98423493,10.04,9.881718702,2023-25-C,0.646,0.565,0.546,9.364839874,7.731789218,7.348727953,8.148452348,8.877144529,7.329138702,6.966026224,7.724103152,8.507980686,7.024350039,6.676337912,7.402889546,plate4_20240207,0.041229935,0.039082792,0.0374575,,2023-25-C,0.283,0.288,0.29,0,0.00225586,0.009983755,0.004079872,0.07463339,0.092055826,0.0990248,0.088571339,0.104908602,0.121069909,0.127534432,0.117837648,plate2_20240126,2.06E-05,0.000448158,0.000596241
26A,LK,26,SU,2023,A,7/6/23,14.49,23.57,23.253,1.036174826,0.965088106,10.06,9.708786344,2023-26-A,0.672,0.64,0.664,18.56452371,17.44575769,18.28483221,18.0983712,20.82427433,19.56932747,20.51053761,20.3013798,20.68146191,19.43512145,20.36987679,20.16215339,plate9_20240227,0.093206146,0.104551584,0.103834571,,2023-26-A,0.313,0.318,0.317,0.069030488,0.087140921,0.083518835,0.079896748,0.133528655,0.150261033,0.146914558,0.143568082,0.173229066,0.188112906,0.185136138,0.18215937,plate4_20240129,0.000411466,0.000739372,0.000938116
26B,LK,26,SU,2023,B,7/6/23,16.305,26.94,26.561,1.036953978,0.964362953,10.02,9.662916784,2023-26-B,0.698,0.658,0.62,15.64458992,14.58573442,13.5798217,14.60338202,15.48741292,14.43919547,13.44338888,14.45666576,14.84446589,13.8397643,12.8852978,13.85650933,plate5_20240208,0.075564047,0.074804876,0.071699414,,2023-26-B,0.467,0.473,0.493,0.776053995,0.800441257,0.88173213,0.819409127,0.791815936,0.813469514,0.885648107,0.830311186,0.776244371,0.796769999,0.865188758,0.812734376,plate1_20240125,0.004239968,0.00429638,0.00420543
26C,LK,26,SU,2023,C,7/6/23,14.716,24.395,23.921,1.051493753,0.951027999,10,9.510279988,2023-26-C,0.683,0.595,0.575,15.24751911,12.91803702,12.38860927,13.51805513,15.09433138,12.78825297,12.26414424,13.38224286,14.46770279,12.25735931,11.75500852,12.82669021,plate5_20240208,0.071070753,0.070356724,0.067435923,,2023-26-C,0.532,0.54,0.544,1.040249331,1.07276568,1.089023854,1.067346288,1.026396365,1.055267802,1.069703521,1.050455896,0.998605339,1.025972842,1.039656594,1.021411592,plate1_20240125,0.00561154,0.005522739,0.00537004
27A,LK,27,SU,2023,A,7/6/23,14.717,24.395,23.579,1.092078538,0.915685059,10.01,9.16600744,2023-27-A,0.674,0.62,0.597,10.88835752,9.299245882,8.622402036,9.603335146,12.56891171,10.73453,9.953219274,11.08555366,14.20259479,12.12978366,11.24691966,12.52643271,plate6_20240209,0.052385595,0.060471005,0.068330911,,2023-27-A,0.962,0.96,0.983,2.462833019,2.455510138,2.53972327,2.486022142,2.32325983,2.316597989,2.393209161,2.34435566,2.176678138,2.170549796,2.241025727,2.196084554,plate3_20240129,0.013561096,0.012788314,0.011979505
27B,LK,27,SU,2023,B,7/6/23,14.849,24.089,23.748,1.038318912,0.963095238,10.08,9.708,2023-27-B,0.617,0.595,0.54,13.50040754,12.91803702,11.46211072,12.62685176,13.36477257,12.78825297,11.34695397,12.49999317,12.80994518,12.25735931,10.87589464,11.98106638,plate5_20240208,0.065033229,0.064379858,0.061707182,,2023-27-B,1.024,1.015,0.969,3.040004795,3.003423902,2.816454895,2.953294531,2.801989764,2.769509397,2.603498632,2.724999265,2.681706814,2.650918373,2.493555227,2.608726804,plate1_20240125,0.015210623,0.014034813,0.013435964
27C,LK,27,SU,2023,C,7/6/23,14.494,23.664,23.335,1.037212985,0.964122137,10.01,9.650862595,2023-27-C,0.857,0.88,0.846,18.43665072,19.08060359,18.12867326,18.54864252,17.78714889,18.40841605,17.49002112,17.89519535,17.619336,18.23474181,17.32501148,17.7263631,plate3_20240207,0.096098366,0.092712932,0.091838232,,2023-27-C,3.355,3.38,3.274,12.51445599,12.61606958,12.18522795,12.4385845,11.21440484,11.30462808,10.92208153,11.14703815,10.6559132,10.74143664,10.37881722,10.59205569,plate1_20240125,0.064442864,0.057751512,0.054876212
28A,LK,28,SU,2023,A,7/13/23,14.629,25.007,24.625,1.038215286,0.963191366,10.26,9.882343419,2023-28-A,1.087,1.007,0.999,19.60792392,17.72932043,17.54146008,18.29290148,20.36805467,18.41662428,18.22148125,19.0020534,19.92430419,18.01538882,17.82449728,18.58806343,plate7_20240212,0.09255346,0.096141434,0.09404684,,2023-28-A,0.515,0.507,0.505,0.826169106,0.796877582,0.789554701,0.804200463,0.834338365,0.807691001,0.80102916,0.814352842,0.806993747,0.782480379,0.776352038,0.788608721,plate3_20240129,0.004068875,0.004120242,0.003989988
28B,LK,28,SU,2023,B,7/13/23,16.915,26.534,26.164,1.040004325,0.961534463,10.01,9.624959975,2023-28-B,0.842,0.786,0.804,24.50796821,22.55012767,23.17943356,23.41250982,27.49117948,25.29502249,26.00093009,26.26237735,27.30264557,25.12154978,25.82261628,26.08227054,plate9_20240227,0.121623933,0.136428502,0.135492878,,2023-28-B,0.541,0.575,0.559,0.894866251,1.018017198,0.960063811,0.957649087,0.896525084,1.010305253,0.956761644,0.95453066,0.851932188,0.953142303,0.905514013,0.903529501,plate4_20240129,0.004974821,0.004958621,0.004693679
28C,LK,28,SU,2023,C,7/13/23,16.065,25.566,25.199,1.040179549,0.961372487,10,9.613724871,2023-28-C,1.146,1.259,1.144,19.44539948,21.72360595,19.40507724,20.19136089,18.43273606,20.59229974,18.39451369,19.13984983,17.66619456,19.73595089,17.6295617,18.34390238,plate4_20240207,0.105013203,0.099544402,0.095404761,,2023-28-C,0.647,0.642,0.641,1.389412884,1.370093148,1.366229201,1.375245078,1.342986711,1.325564276,1.322079789,1.330210259,1.281451795,1.265290487,1.262058226,1.269600169,plate2_20240126,0.007152509,0.006918288,0.006603061
29A,LK,29,FA,2023,A,7/11/23,15.931,25.376,25.107,1.029315606,0.971519322,10.02,9.73462361,2023-29-A,0.849,0.84,0.802,19.64176941,19.40352692,18.3976142,19.14763684,19.44443382,19.20858489,18.21277831,18.95526567,18.63721436,18.41115651,17.45669,18.16835362,plate5_20240208,0.098348111,0.097360034,0.093318213,,2023-29-A,2.792,2.78,2.852,10.22611792,10.1773434,10.46999054,10.29115062,9.182577429,9.139270273,9.399113209,9.240320304,8.729925125,8.688873869,8.935181402,8.784660132,plate1_20240125,0.052858493,0.047461107,0.045120697
29B,LK,29,FA,2023,B,7/11/23,14.716,24.293,24.096,1.021002132,0.979429884,10.03,9.823681737,2023-29-B,0.195,0.19,0.195,2.882347948,2.737506342,2.882347948,2.834067413,2.78038416,2.640666363,2.78038416,2.733811561,2.805155031,2.664192467,2.805155031,2.75816751,plate1_20240206,0.01442467,0.013914394,0.014038359,,2023-29-B,0.192,0.194,0.195,0,0,0,0,0,0,0,0,0,0,0,0,plate2_20240126,0,0,0
29C,LK,28,SU,2023,C,7/11/23,14.715,24.228,24.001,1.024445402,0.976137917,10.01,9.771140545,2023-29-C,0.36,0.333,0.326,6.697260997,5.982533539,5.797233827,6.159009454,6.629975413,5.92242863,5.738990575,6.097131539,6.354737512,5.676563944,5.500741167,5.844014207,plate5_20240208,0.031516328,0.031199692,0.029904463,,2023-29-C,0.432,0.442,0.442,0.633794968,0.674440405,0.674440405,0.660891926,0.665503397,0.701592694,0.701592694,0.689562928,0.656511543,0.690720922,0.690720922,0.679317796,plate1_20240125,0.003381857,0.003528569,0.003476144
30A,LK,30,FA,2023,A,7/19/23,15.57,25.01,24.842,1.018119068,0.98220339,10.02,9.841677966,2023-30*-A,0.471,0.353,0.41,5.836644012,3.457631945,4.60681574,4.633697232,5.532687495,3.277567894,4.366905328,4.392386906,5.302605831,3.141267358,4.185303739,4.209725643,plate4_20240207,0.023541195,0.022315234,0.021387235,,2023-30-A*,0.322,0.334,0.321,0.133630063,0.179997429,0.129766116,0.147797869,0.210528389,0.252342235,0.207043902,0.223304842,0.230966801,0.269753939,0.227734539,0.242818426,plate2_20240126,0.000750877,0.001134486,0.001233623
30B,LK,30,FA,2023,B,7/17/23,16.065,25.926,25.801,1.012838948,0.987323801,10.03,9.902857722,2023-30-B,0.305,0.294,0.312,6.068863267,5.750211735,6.271641514,6.030238839,5.854175694,5.546796541,6.04978061,5.816917615,5.906331448,5.596213806,6.103679038,5.86874143,plate1_20240206,0.030446963,0.029369894,0.029631555,,2023-30-B,0.248,0.25,0.252,0,0,0,0,0,0,0,0,0,0,0.004708494,0.001569498,plate2_20240126,0,0,7.92E-06
30C,LK,30,FA,2023,C,7/17/23,16.303,26.009,25.865,1.015059611,0.985163816,10.28,10.12748403,2023-30-C,0.13,0.124,0.14,0.999407077,0.825597151,1.289090288,1.038031505,0.964052799,0.796391443,1.243488393,1.001310878,0.972641694,0.803486617,1.254566823,1.010231711,plate1_20240206,0.005124824,0.004943532,0.004987575,,2023-30-C,0.22,0.232,0.242,0,0,0,0,0,0,0,0,0,0,0,0,plate4_20240129,0,0,0
31A,LK,31,FA,2023,A,7/17/23,17.77,27.595,27.503,1.009452379,0.990636132,10.07,9.975705852,2023-31-A,0.283,0.258,0.245,2.365826857,1.665878083,1.30190472,1.777869887,2.282481521,1.60719113,1.256040127,1.715237592,2.260947444,1.592028082,1.244190014,1.69905518,plate3_20240207,0.008910998,0.008597074,0.008515965,,2023-31-A,0.326,0.327,0.343,0.134156848,0.137818288,0.196401337,0.156125491,0.20479439,0.20812531,0.261420038,0.224779913,0.227865447,0.230929618,0.279956352,0.246250472,plate3_20240129,0.000782529,0.001126637,0.001234251
31B,LK,31,FA,2023,B,7/17/23,15.913,25.625,25.504,1.012615994,0.987541186,10.07,9.944539745,2023-31-B,0.4,0.376,0.365,2.825087357,2.118815517,1.795107591,2.246336822,3.261123038,2.445842279,2.072171931,2.593045749,3.684997568,2.763748176,2.341508872,2.930084872,plate6_20240209,0.011294323,0.013037535,0.014732129,,2023-31-B,0.316,0.323,0.332,0.11044638,0.13749401,0.172269534,0.140069975,0.189621466,0.214012876,0.24537326,0.216335867,0.211573232,0.234199062,0.263289416,0.236353903,plate2_20240126,0.000704256,0.001087712,0.00118836
31C,LK,31,FA,2023,C,7/17/23,16.304,26.06,25.941,1.012348241,0.987802378,10,9.87802378,2023-31-C,0.196,0.2,0.19,2.911316269,3.027189553,2.737506342,2.892004055,2.80832772,2.920101957,2.640666363,2.78969868,2.833347544,2.946117596,2.664192467,2.814552535,plate1_20240206,0.014638576,0.014120733,0.014246537,,2023-31-C,0.246,0.249,0.254,0,0,0,0,0,0,0,0,0,0,0.011173017,0.003724339,plate2_20240126,0,0,1.89E-05
32A,LK,32,FA,2023,A,7/18/23,15.466,26.132,25.957,1.016680965,0.983592725,10,9.835927245,MISSING KCL EXTRACT,,,,,,,,,,,,,,,,,0,0,0,,,,,,,,,#DIV/0!,,,,#DIV/0!,,,,#DIV/0!,,#DIV/0!,#DIV/0!,#DIV/0!
32B,LK,32,FA,2023,B,7/18/23,16.913,26.461,26.328,1.014126394,0.986070381,10.15,10.00861437,2023-32-B,0.171,0.216,0.181,2.187108242,3.490682691,2.476791453,2.718194128,2.109738735,3.367198908,2.389174329,2.622037324,2.128534722,3.397197802,2.410459851,2.645397458,plate1_20240206,0.013579273,0.013098903,0.013215603,,2023-32-B,0.23,0.219,0.237,0,0,0,0,0,0,0,0,0,0,0,0,plate3_20240129,0,0,0
32C,LK,32,FA,2023,C,7/18/23,15.93,25.64,25.482,1.016541039,#DIV/0!,10.44,#DIV/0!,2023-32-C,0.245,0.232,0.247,4.330764002,3.954175828,4.388700644,4.224546825,4.17756213,3.814295858,4.233449249,4.075102412,4.214780675,3.848278008,4.271165701,4.111408128,plate1_20240206,#DIV/0!,#DIV/0!,#DIV/0!,,2023-32-C,0.246,0.276,0.246,0,0,0,0,0,0.009709059,0,0.003236353,0,0.063088647,0,0.021029549,plate4_20240129,#DIV/0!,#DIV/0!,#DIV/0!