"","location_id","Site","Plot","Trt","Year","Date","Name","species","count","prop_150","perc_150","species_name","functional_group","duration","native_status"
"1","DC_1_FASP","DC",1,"FASP",2022,"7/6/2022","Maddi Sorrentino, April Hulet, Kelly Hopping","BRTE",92,0.613,61.333,"Bromus tectorum","cheatgrass","annual","introduced"
"2","DC_1_FASP","DC",1,"FASP",2022,"7/6/2022","Maddi Sorrentino, April Hulet, Kelly Hopping","L",36,0.24,24,"litter","litter","",""
"3","DC_1_FASP","DC",1,"FASP",2022,"7/6/2022","Maddi Sorrentino, April Hulet, Kelly Hopping","CHDO",24,0.16,16,"Chaenactis douglasii","forb","perennial","native"
"4","DC_1_FASP","DC",1,"FASP",2022,"7/6/2022","Maddi Sorrentino, April Hulet, Kelly Hopping","BG",21,0.14,14,"bare ground","bare ground","",""
"5","DC_1_FASP","DC",1,"FASP",2022,"7/6/2022","Maddi Sorrentino, April Hulet, Kelly Hopping","PSSP",9,0.06,6,"Pseudoroegneria spicata","grass","perennial","native"
"6","DC_1_FASP","DC",1,"FASP",2022,"7/6/2022","Maddi Sorrentino, April Hulet, Kelly Hopping","PUTR",5,0.033,3.333,"Purshia tridentata","shrub","perennial","native"
"7","DC_1_FASP","DC",1,"FASP",2022,"7/6/2022","Maddi Sorrentino, April Hulet, Kelly Hopping","MEOB",3,0.02,2,"Mertensia oblongifolia","forb","perennial","native"
"8","DC_1_FASP","DC",1,"FASP",2022,"7/6/2022","Maddi Sorrentino, April Hulet, Kelly Hopping","COPA",2,0.013,1.333,"Collinsia parviflora","forb","annual","native"
"9","DC_1_FASP","DC",1,"FASP",2022,"7/6/2022","Maddi Sorrentino, April Hulet, Kelly Hopping","SIAL",2,0.013,1.333,"Sisymbrium altissimum","forb","annual","introduced"
"10","DC_1_FASP","DC",1,"FASP",2022,"7/6/2022","Maddi Sorrentino, April Hulet, Kelly Hopping","TRDU",2,0.013,1.333,"Tragopogon dubius","forb","annual","introduced"
"11","DC_1_FASP","DC",1,"FASP",2022,"7/6/2022","Maddi Sorrentino, April Hulet, Kelly Hopping","ALDE",1,0.007,0.667,"Alyssum desertorum","forb","annual","introduced"
"12","DC_1_FASP","DC",1,"FASP",2022,"7/6/2022","Maddi Sorrentino, April Hulet, Kelly Hopping","CRAC",1,0.007,0.667,"Crepis acuminata","forb","perennial","native"
"13","DC_1_FASP","DC",1,"FASP",2022,"7/6/2022","Maddi Sorrentino, April Hulet, Kelly Hopping","EPBR",1,0.007,0.667,"Epilobium brachycarpum ","forb","annual","native"
"14","DC_1_FASP","DC",1,"FASP",2022,"7/6/2022","Maddi Sorrentino, April Hulet, Kelly Hopping","ERNA",1,0.007,0.667,"Ericameria nauseosa","shrub","perennial","native"
"15","DC_1_FASP","DC",1,"FASP",2022,"7/6/2022","Maddi Sorrentino, April Hulet, Kelly Hopping","Eriogonum",1,0.007,0.667,"Eriogonum spp","forb","perennial","native"
"16","DC_1_FASP","DC",1,"FASP",2022,"7/6/2022","Maddi Sorrentino, April Hulet, Kelly Hopping","HEUN",1,0.007,0.667,"Helianthella uniflora","forb","perennial","native"
"17","DC_1_FASP","DC",1,"FASP",2022,"7/6/2022","Maddi Sorrentino, April Hulet, Kelly Hopping","LASE",1,0.007,0.667,"Lactuca serriola","forb","annual","introduced"
"18","DC_1_FASP","DC",1,"FASP",2022,"7/6/2022","Maddi Sorrentino, April Hulet, Kelly Hopping","LECI",1,0.007,0.667,"Leymus cinereus","grass","perennial","native"
"19","DC_1_FASP","DC",1,"FASP",2022,"7/6/2022","Maddi Sorrentino, April Hulet, Kelly Hopping","PHHA",1,0.007,0.667,"Phacelia hastata","forb","perennial","native"
"20","DC_1_FASP","DC",1,"FASP",2022,"7/6/2022","Maddi Sorrentino, April Hulet, Kelly Hopping","SCAN",1,0.007,0.667,"Scuttelaria angustifolia ","forb","annual","native"
"21","DC_2_FASP","DC",2,"FASP",2022,"7/12/2022","April Hulet","L",122,0.813,81.333,"litter","litter","",""
"22","DC_2_FASP","DC",2,"FASP",2022,"7/12/2022","April Hulet","BRTE",91,0.607,60.667,"Bromus tectorum","cheatgrass","annual","introduced"
"23","DC_2_FASP","DC",2,"FASP",2022,"7/12/2022","April Hulet","PSSP",20,0.133,13.333,"Pseudoroegneria spicata","grass","perennial","native"
"24","DC_2_FASP","DC",2,"FASP",2022,"7/12/2022","April Hulet","LECI",17,0.113,11.333,"Leymus cinereus","grass","perennial","native"
"25","DC_2_FASP","DC",2,"FASP",2022,"7/12/2022","April Hulet","CAMI",10,0.067,6.667,"Camelina microcarpa","forb","annual","introduced"
"26","DC_2_FASP","DC",2,"FASP",2022,"7/12/2022","April Hulet","BG",9,0.06,6,"bare ground","bare ground","",""
"27","DC_2_FASP","DC",2,"FASP",2022,"7/12/2022","April Hulet","Lupinus",7,0.047,4.667,"Lupinus spp","forb","perennial","native"
"28","DC_2_FASP","DC",2,"FASP",2022,"7/12/2022","April Hulet","SIAL",6,0.04,4,"Sisymbrium altissimum","forb","annual","introduced"
"29","DC_2_FASP","DC",2,"FASP",2022,"7/12/2022","April Hulet","EPBR",5,0.033,3.333,"Epilobium brachycarpum ","forb","annual","native"
"30","DC_2_FASP","DC",2,"FASP",2022,"7/12/2022","April Hulet","MARE",5,0.033,3.333,"Mahonia repens","shrub","perennial","native"
"31","DC_2_FASP","DC",2,"FASP",2022,"7/12/2022","April Hulet","PUTR",5,0.033,3.333,"Purshia tridentata","shrub","perennial","native"
"32","DC_2_FASP","DC",2,"FASP",2022,"7/12/2022","April Hulet","PHHA",4,0.027,2.667,"Phacelia hastata","forb","perennial","native"
"33","DC_2_FASP","DC",2,"FASP",2022,"7/12/2022","April Hulet","COPA",3,0.02,2,"Collinsia parviflora","forb","annual","native"
"34","DC_2_FASP","DC",2,"FASP",2022,"7/12/2022","April Hulet","SYRO",3,0.02,2,"Symphoricarpos rotundifolius","shrub","perennial","native"
"35","DC_2_FASP","DC",2,"FASP",2022,"7/12/2022","April Hulet","BASA",2,0.013,1.333,"Balsamorhiza sagittata","forb","perennial","native"
"36","DC_2_FASP","DC",2,"FASP",2022,"7/12/2022","April Hulet","GARA",2,0.013,1.333,"Gayophytum racemosum","forb","annual","native"
"37","DC_2_FASP","DC",2,"FASP",2022,"7/12/2022","April Hulet","POSE",2,0.013,1.333,"Poa secunda","grass","perennial","native"
"38","DC_2_FASP","DC",2,"FASP",2022,"7/12/2022","April Hulet","PRVI",2,0.013,1.333,"Prunus virginiana","shrub","perennial","native"
"39","DC_2_FASP","DC",2,"FASP",2022,"7/12/2022","April Hulet","W",2,0.013,1.333,"wood","wood","",""
"40","DC_2_FASP","DC",2,"FASP",2022,"7/12/2022","April Hulet","ARTR",1,0.007,0.667,"Artemisia tridentata vaseyana","shrub","perennial","native"
"41","DC_2_FASP","DC",2,"FASP",2022,"7/12/2022","April Hulet","CAGE",1,0.007,0.667,"Carex geyeri ","sedge","perennial","native"
"42","DC_2_FASP","DC",2,"FASP",2022,"7/12/2022","April Hulet","DEPI",1,0.007,0.667,"Descurainia pinnata","forb","annual","native"
"43","DC_2_FASP","DC",2,"FASP",2022,"7/12/2022","April Hulet","DESO",1,0.007,0.667,"Descurainia sophia ","forb","annual","introduced"
"44","DC_2_FASP","DC",2,"FASP",2022,"7/12/2022","April Hulet","GAAP",1,0.007,0.667,"Galium aparine ","forb","annual","native"
"45","DC_2_FASP","DC",2,"FASP",2022,"7/12/2022","April Hulet","LALO",1,0.007,0.667,"Lappula longispina","forb","annual","native"
"46","DC_2_FASP","DC",2,"FASP",2022,"7/12/2022","April Hulet","MAGR",1,0.007,0.667,"Madia gracilis","forb","annual","native"
"47","DC_2_FASP","DC",2,"FASP",2022,"7/12/2022","April Hulet","TRDU",1,0.007,0.667,"Tragopogon dubius","forb","annual","introduced"
"48","DC_3_FASP","DC",3,"FASP",2022,"7/13/2022","April Hulet","BRTE",118,0.787,78.667,"Bromus tectorum","cheatgrass","annual","introduced"
"49","DC_3_FASP","DC",3,"FASP",2022,"7/13/2022","April Hulet","L",106,0.707,70.667,"litter","litter","",""
"50","DC_3_FASP","DC",3,"FASP",2022,"7/13/2022","April Hulet","POSE",27,0.18,18,"Poa secunda","grass","perennial","native"
"51","DC_3_FASP","DC",3,"FASP",2022,"7/13/2022","April Hulet","SIAL",20,0.133,13.333,"Sisymbrium altissimum","forb","annual","introduced"
"52","DC_3_FASP","DC",3,"FASP",2022,"7/13/2022","April Hulet","MAGR",9,0.06,6,"Madia gracilis","forb","annual","native"
"53","DC_3_FASP","DC",3,"FASP",2022,"7/13/2022","April Hulet","CAMI",5,0.033,3.333,"Camelina microcarpa","forb","annual","introduced"
"54","DC_3_FASP","DC",3,"FASP",2022,"7/13/2022","April Hulet","ILRI",3,0.02,2,"Iliamna rivularis","forb","perennial","native"
"55","DC_3_FASP","DC",3,"FASP",2022,"7/13/2022","April Hulet","PUTR",3,0.02,2,"Purshia tridentata","shrub","perennial","native"
"56","DC_3_FASP","DC",3,"FASP",2022,"7/13/2022","April Hulet","AGGL",2,0.013,1.333,"Agoseris glauca","forb","perennial","native"
"57","DC_3_FASP","DC",3,"FASP",2022,"7/13/2022","April Hulet","BASA",2,0.013,1.333,"Balsamorhiza sagittata","forb","perennial","native"
"58","DC_3_FASP","DC",3,"FASP",2022,"7/13/2022","April Hulet","BG",2,0.013,1.333,"bare ground","bare ground","",""
"59","DC_3_FASP","DC",3,"FASP",2022,"7/13/2022","April Hulet","LASE",2,0.013,1.333,"Lactuca serriola","forb","annual","introduced"
"60","DC_3_FASP","DC",3,"FASP",2022,"7/13/2022","April Hulet","LECI",2,0.013,1.333,"Leymus cinereus","grass","perennial","native"
"61","DC_3_FASP","DC",3,"FASP",2022,"7/13/2022","April Hulet","PSSP",2,0.013,1.333,"Pseudoroegneria spicata","grass","perennial","native"
"62","DC_3_FASP","DC",3,"FASP",2022,"7/13/2022","April Hulet","W",2,0.013,1.333,"wood","wood","",""
"63","DC_3_FASP","DC",3,"FASP",2022,"7/13/2022","April Hulet","COPA",1,0.007,0.667,"Collinsia parviflora","forb","annual","native"
"64","DC_3_FASP","DC",3,"FASP",2022,"7/13/2022","April Hulet","EPBR",1,0.007,0.667,"Epilobium brachycarpum ","forb","annual","native"
"65","DC_4_FASP","DC",4,"FASP",2022,"7/12/2022","April Hulet","BRTE",111,0.74,74,"Bromus tectorum","cheatgrass","annual","introduced"
"66","DC_4_FASP","DC",4,"FASP",2022,"7/12/2022","April Hulet","L",88,0.587,58.667,"litter","litter","",""
"67","DC_4_FASP","DC",4,"FASP",2022,"7/12/2022","April Hulet","SIAL",18,0.12,12,"Sisymbrium altissimum","forb","annual","introduced"
"68","DC_4_FASP","DC",4,"FASP",2022,"7/12/2022","April Hulet","BG",16,0.107,10.667,"bare ground","bare ground","",""
"69","DC_4_FASP","DC",4,"FASP",2022,"7/12/2022","April Hulet","PRVI",9,0.06,6,"Prunus virginiana","shrub","perennial","native"
"70","DC_4_FASP","DC",4,"FASP",2022,"7/12/2022","April Hulet","CAMI",5,0.033,3.333,"Camelina microcarpa","forb","annual","introduced"
"71","DC_4_FASP","DC",4,"FASP",2022,"7/12/2022","April Hulet","Lomatium",5,0.033,3.333,"Lomatium spp","forb","perennial","native"
"72","DC_4_FASP","DC",4,"FASP",2022,"7/12/2022","April Hulet","ILRI",4,0.027,2.667,"Iliamna rivularis","forb","perennial","native"
"73","DC_4_FASP","DC",4,"FASP",2022,"7/12/2022","April Hulet","MARE",3,0.02,2,"Mahonia repens","shrub","perennial","native"
"74","DC_4_FASP","DC",4,"FASP",2022,"7/12/2022","April Hulet","PEDE",3,0.02,2,"Penstemon deustus","forb","perennial","native"
"75","DC_4_FASP","DC",4,"FASP",2022,"7/12/2022","April Hulet","PUTR",2,0.013,1.333,"Purshia tridentata","shrub","perennial","native"
"76","DC_4_FASP","DC",4,"FASP",2022,"7/12/2022","April Hulet","COPA",1,0.007,0.667,"Collinsia parviflora","forb","annual","native"
"77","DC_4_FASP","DC",4,"FASP",2022,"7/12/2022","April Hulet","Lupinus",1,0.007,0.667,"Lupinus spp","forb","perennial","native"
"78","DC_4_FASP","DC",4,"FASP",2022,"7/12/2022","April Hulet","MAGR",1,0.007,0.667,"Madia gracilis","forb","annual","native"
"79","DC_4_FASP","DC",4,"FASP",2022,"7/12/2022","April Hulet","PSSP",1,0.007,0.667,"Pseudoroegneria spicata","grass","perennial","native"
"80","DC_4_FASP","DC",4,"FASP",2022,"7/12/2022","April Hulet","SYRO",1,0.007,0.667,"Symphoricarpos rotundifolius","shrub","perennial","native"
"81","DC_4_FASP","DC",4,"FASP",2022,"7/12/2022","April Hulet","VETH",1,0.007,0.667,"Verbascum thapsus","forb","perennial","introduced"
"82","DC_5_SP","DC",5,"SP",2022,"7/8/2022","Dustin Cousins, Kelly Hopping","BRTE",92,0.613,61.333,"Bromus tectorum","cheatgrass","annual","introduced"
"83","DC_5_SP","DC",5,"SP",2022,"7/8/2022","Dustin Cousins, Kelly Hopping","L",89,0.593,59.333,"litter","litter","",""
"84","DC_5_SP","DC",5,"SP",2022,"7/8/2022","Dustin Cousins, Kelly Hopping","PSSP",19,0.127,12.667,"Pseudoroegneria spicata","grass","perennial","native"
"85","DC_5_SP","DC",5,"SP",2022,"7/8/2022","Dustin Cousins, Kelly Hopping","EPBR",15,0.1,10,"Epilobium brachycarpum ","forb","annual","native"
"86","DC_5_SP","DC",5,"SP",2022,"7/8/2022","Dustin Cousins, Kelly Hopping","BG",13,0.087,8.667,"bare ground","bare ground","",""
"87","DC_5_SP","DC",5,"SP",2022,"7/8/2022","Dustin Cousins, Kelly Hopping","POSE",11,0.073,7.333,"Poa secunda","grass","perennial","native"
"88","DC_5_SP","DC",5,"SP",2022,"7/8/2022","Dustin Cousins, Kelly Hopping","SIAL",9,0.06,6,"Sisymbrium altissimum","forb","annual","introduced"
"89","DC_5_SP","DC",5,"SP",2022,"7/8/2022","Dustin Cousins, Kelly Hopping","COPA",8,0.053,5.333,"Collinsia parviflora","forb","annual","native"
"90","DC_5_SP","DC",5,"SP",2022,"7/8/2022","Dustin Cousins, Kelly Hopping","SYRO",7,0.047,4.667,"Symphoricarpos rotundifolius","shrub","perennial","native"
"91","DC_5_SP","DC",5,"SP",2022,"7/8/2022","Dustin Cousins, Kelly Hopping","LECI",6,0.04,4,"Leymus cinereus","grass","perennial","native"
"92","DC_5_SP","DC",5,"SP",2022,"7/8/2022","Dustin Cousins, Kelly Hopping","PUTR",5,0.033,3.333,"Purshia tridentata","shrub","perennial","native"
"93","DC_5_SP","DC",5,"SP",2022,"7/8/2022","Dustin Cousins, Kelly Hopping","BASA",4,0.027,2.667,"Balsamorhiza sagittata","forb","perennial","native"
"94","DC_5_SP","DC",5,"SP",2022,"7/8/2022","Dustin Cousins, Kelly Hopping","LASE",4,0.027,2.667,"Lactuca serriola","forb","annual","introduced"
"95","DC_5_SP","DC",5,"SP",2022,"7/8/2022","Dustin Cousins, Kelly Hopping","SCAN",4,0.027,2.667,"Scuttelaria angustifolia ","forb","annual","native"
"96","DC_5_SP","DC",5,"SP",2022,"7/8/2022","Dustin Cousins, Kelly Hopping","BRSI",3,0.02,2,"Bromus sitchensis","grass","perennial","native"
"97","DC_5_SP","DC",5,"SP",2022,"7/8/2022","Dustin Cousins, Kelly Hopping","TRDU",3,0.02,2,"Tragopogon dubius","forb","annual","introduced"
"98","DC_5_SP","DC",5,"SP",2022,"7/8/2022","Dustin Cousins, Kelly Hopping","CEVE",2,0.013,1.333,"Ceanothus velutinus","shrub","perennial","native"
"99","DC_5_SP","DC",5,"SP",2022,"7/8/2022","Dustin Cousins, Kelly Hopping","Lomatium",2,0.013,1.333,"Lomatium spp","forb","perennial","native"
"100","DC_5_SP","DC",5,"SP",2022,"7/8/2022","Dustin Cousins, Kelly Hopping","PHHO",2,0.013,1.333,"Phlox hoodii","forb","perennial","native"
"101","DC_5_SP","DC",5,"SP",2022,"7/8/2022","Dustin Cousins, Kelly Hopping","W",2,0.013,1.333,"wood","wood","",""
"102","DC_5_SP","DC",5,"SP",2022,"7/8/2022","Dustin Cousins, Kelly Hopping","DF",1,0.007,0.667,"dead forb","forb","",""
"103","DC_5_SP","DC",5,"SP",2022,"7/8/2022","Dustin Cousins, Kelly Hopping","GAAP",1,0.007,0.667,"Galium aparine ","forb","annual","native"
"104","DC_5_SP","DC",5,"SP",2022,"7/8/2022","Dustin Cousins, Kelly Hopping","GEVI",1,0.007,0.667,"Geranium viscosissimum","forb","perennial","native"
"105","DC_5_SP","DC",5,"SP",2022,"7/8/2022","Dustin Cousins, Kelly Hopping","PHHA",1,0.007,0.667,"Phacelia hastata","forb","perennial","native"
"106","DC_6_SP","DC",6,"SP",2022,"7/8/2022","Kelly Hopping, Maddi Sorrentino, Dustin Cousins","BRTE",91,0.607,60.667,"Bromus tectorum","cheatgrass","annual","introduced"
"107","DC_6_SP","DC",6,"SP",2022,"7/8/2022","Kelly Hopping, Maddi Sorrentino, Dustin Cousins","L",39,0.26,26,"litter","litter","",""
"108","DC_6_SP","DC",6,"SP",2022,"7/8/2022","Kelly Hopping, Maddi Sorrentino, Dustin Cousins","PSSP",25,0.167,16.667,"Pseudoroegneria spicata","grass","perennial","native"
"109","DC_6_SP","DC",6,"SP",2022,"7/8/2022","Kelly Hopping, Maddi Sorrentino, Dustin Cousins","EPBR",13,0.087,8.667,"Epilobium brachycarpum ","forb","annual","native"
"110","DC_6_SP","DC",6,"SP",2022,"7/8/2022","Kelly Hopping, Maddi Sorrentino, Dustin Cousins","GEVI",11,0.073,7.333,"Geranium viscosissimum","forb","perennial","native"
"111","DC_6_SP","DC",6,"SP",2022,"7/8/2022","Kelly Hopping, Maddi Sorrentino, Dustin Cousins","BG",10,0.067,6.667,"bare ground","bare ground","",""
"112","DC_6_SP","DC",6,"SP",2022,"7/8/2022","Kelly Hopping, Maddi Sorrentino, Dustin Cousins","GAAP",9,0.06,6,"Galium aparine ","forb","annual","native"
"113","DC_6_SP","DC",6,"SP",2022,"7/8/2022","Kelly Hopping, Maddi Sorrentino, Dustin Cousins","SYRO",9,0.06,6,"Symphoricarpos rotundifolius","shrub","perennial","native"
"114","DC_6_SP","DC",6,"SP",2022,"7/8/2022","Kelly Hopping, Maddi Sorrentino, Dustin Cousins","BRSI",8,0.053,5.333,"Bromus sitchensis","grass","perennial","native"
"115","DC_6_SP","DC",6,"SP",2022,"7/8/2022","Kelly Hopping, Maddi Sorrentino, Dustin Cousins","HISC",7,0.047,4.667,"Hieracium scouleri","forb","perennial","native"
"116","DC_6_SP","DC",6,"SP",2022,"7/8/2022","Kelly Hopping, Maddi Sorrentino, Dustin Cousins","LECI",5,0.033,3.333,"Leymus cinereus","grass","perennial","native"
"117","DC_6_SP","DC",6,"SP",2022,"7/8/2022","Kelly Hopping, Maddi Sorrentino, Dustin Cousins","COPA",4,0.027,2.667,"Collinsia parviflora","forb","annual","native"
"118","DC_6_SP","DC",6,"SP",2022,"7/8/2022","Kelly Hopping, Maddi Sorrentino, Dustin Cousins","SIAL",4,0.027,2.667,"Sisymbrium altissimum","forb","annual","introduced"
"119","DC_6_SP","DC",6,"SP",2022,"7/8/2022","Kelly Hopping, Maddi Sorrentino, Dustin Cousins","CRAC",3,0.02,2,"Crepis acuminata","forb","perennial","native"
"120","DC_6_SP","DC",6,"SP",2022,"7/8/2022","Kelly Hopping, Maddi Sorrentino, Dustin Cousins","LASE",3,0.02,2,"Lactuca serriola","forb","annual","introduced"
"121","DC_6_SP","DC",6,"SP",2022,"7/8/2022","Kelly Hopping, Maddi Sorrentino, Dustin Cousins","PUTR",3,0.02,2,"Purshia tridentata","shrub","perennial","native"
"122","DC_6_SP","DC",6,"SP",2022,"7/8/2022","Kelly Hopping, Maddi Sorrentino, Dustin Cousins","CAGE",2,0.013,1.333,"Carex geyeri ","sedge","perennial","native"
"123","DC_6_SP","DC",6,"SP",2022,"7/8/2022","Kelly Hopping, Maddi Sorrentino, Dustin Cousins","ILRI",2,0.013,1.333,"Iliamna rivularis","forb","perennial","native"
"124","DC_6_SP","DC",6,"SP",2022,"7/8/2022","Kelly Hopping, Maddi Sorrentino, Dustin Cousins","PRVI",2,0.013,1.333,"Prunus virginiana","shrub","perennial","native"
"125","DC_6_SP","DC",6,"SP",2022,"7/8/2022","Kelly Hopping, Maddi Sorrentino, Dustin Cousins","RICE",2,0.013,1.333,"Ribes cereum ","shrub","perennial","native"
"126","DC_6_SP","DC",6,"SP",2022,"7/8/2022","Kelly Hopping, Maddi Sorrentino, Dustin Cousins","TRDU",2,0.013,1.333,"Tragopogon dubius","forb","annual","introduced"
"127","DC_6_SP","DC",6,"SP",2022,"7/8/2022","Kelly Hopping, Maddi Sorrentino, Dustin Cousins","unknown forb",2,0.013,1.333,"unknown forb","forb","",""
"128","DC_6_SP","DC",6,"SP",2022,"7/8/2022","Kelly Hopping, Maddi Sorrentino, Dustin Cousins","CLPE",1,0.007,0.667,"Claytonia perfoliata","forb","annual","native"
"129","DC_6_SP","DC",6,"SP",2022,"7/8/2022","Kelly Hopping, Maddi Sorrentino, Dustin Cousins","DRAR",1,0.007,0.667,"Drymocallis arguta ","forb","perennial","native"
"130","DC_6_SP","DC",6,"SP",2022,"7/8/2022","Kelly Hopping, Maddi Sorrentino, Dustin Cousins","ERUM",1,0.007,0.667,"Eriogonum umbellatum","forb","perennial","native"
"131","DC_6_SP","DC",6,"SP",2022,"7/8/2022","Kelly Hopping, Maddi Sorrentino, Dustin Cousins","MEBU",1,0.007,0.667,"Melica bulbosa","grass","perennial","native"
"132","DC_6_SP","DC",6,"SP",2022,"7/8/2022","Kelly Hopping, Maddi Sorrentino, Dustin Cousins","MIGR",1,0.007,0.667,"Microsteris gracilis","forb","annual","native"
"133","DC_6_SP","DC",6,"SP",2022,"7/8/2022","Kelly Hopping, Maddi Sorrentino, Dustin Cousins","POPR",1,0.007,0.667,"Poa pratensis","grass","perennial","both"
"134","DC_6_SP","DC",6,"SP",2022,"7/8/2022","Kelly Hopping, Maddi Sorrentino, Dustin Cousins","W",1,0.007,0.667,"wood","wood","",""
"135","DC_7_SP","DC",7,"SP",2022,"7/12/2022","Dustin Cousins, Kelly Hopping","BRTE",125,0.833,83.333,"Bromus tectorum","cheatgrass","annual","introduced"
"136","DC_7_SP","DC",7,"SP",2022,"7/12/2022","Dustin Cousins, Kelly Hopping","L",91,0.607,60.667,"litter","litter","",""
"137","DC_7_SP","DC",7,"SP",2022,"7/12/2022","Dustin Cousins, Kelly Hopping","SIAL",59,0.393,39.333,"Sisymbrium altissimum","forb","annual","introduced"
"138","DC_7_SP","DC",7,"SP",2022,"7/12/2022","Dustin Cousins, Kelly Hopping","COPA",22,0.147,14.667,"Collinsia parviflora","forb","annual","native"
"139","DC_7_SP","DC",7,"SP",2022,"7/12/2022","Dustin Cousins, Kelly Hopping","PSSP",18,0.12,12,"Pseudoroegneria spicata","grass","perennial","native"
"140","DC_7_SP","DC",7,"SP",2022,"7/12/2022","Dustin Cousins, Kelly Hopping","SYRO",8,0.053,5.333,"Symphoricarpos rotundifolius","shrub","perennial","native"
"141","DC_7_SP","DC",7,"SP",2022,"7/12/2022","Dustin Cousins, Kelly Hopping","BASA",6,0.04,4,"Balsamorhiza sagittata","forb","perennial","native"
"142","DC_7_SP","DC",7,"SP",2022,"7/12/2022","Dustin Cousins, Kelly Hopping","CRAC",6,0.04,4,"Crepis acuminata","forb","perennial","native"
"143","DC_7_SP","DC",7,"SP",2022,"7/12/2022","Dustin Cousins, Kelly Hopping","Lupinus",6,0.04,4,"Lupinus spp","forb","perennial","native"
"144","DC_7_SP","DC",7,"SP",2022,"7/12/2022","Dustin Cousins, Kelly Hopping","HISC",4,0.027,2.667,"Hieracium scouleri","forb","perennial","native"
"145","DC_7_SP","DC",7,"SP",2022,"7/12/2022","Dustin Cousins, Kelly Hopping","LASE",4,0.027,2.667,"Lactuca serriola","forb","annual","introduced"
"146","DC_7_SP","DC",7,"SP",2022,"7/12/2022","Dustin Cousins, Kelly Hopping","BG",3,0.02,2,"bare ground","bare ground","",""
"147","DC_7_SP","DC",7,"SP",2022,"7/12/2022","Dustin Cousins, Kelly Hopping","TECA",3,0.02,2,"Tetradymia canescens","shrub","perennial","native"
"148","DC_7_SP","DC",7,"SP",2022,"7/12/2022","Dustin Cousins, Kelly Hopping","AGHE",2,0.013,1.333,"Agoseris heterophylla ","forb","annual","native"
"149","DC_7_SP","DC",7,"SP",2022,"7/12/2022","Dustin Cousins, Kelly Hopping","CHVI",2,0.013,1.333,"Chrysothamnus viscidiflorus","shrub","perennial","native"
"150","DC_7_SP","DC",7,"SP",2022,"7/12/2022","Dustin Cousins, Kelly Hopping","EPBR",2,0.013,1.333,"Epilobium brachycarpum ","forb","annual","native"
"151","DC_7_SP","DC",7,"SP",2022,"7/12/2022","Dustin Cousins, Kelly Hopping","PRVI",2,0.013,1.333,"Prunus virginiana","shrub","perennial","native"
"152","DC_7_SP","DC",7,"SP",2022,"7/12/2022","Dustin Cousins, Kelly Hopping","TRDU",2,0.013,1.333,"Tragopogon dubius","forb","annual","introduced"
"153","DC_7_SP","DC",7,"SP",2022,"7/12/2022","Dustin Cousins, Kelly Hopping","Gayophytum",1,0.007,0.667,"Gayophytum spp","forb","annual","native"
"154","DC_7_SP","DC",7,"SP",2022,"7/12/2022","Dustin Cousins, Kelly Hopping","ILRI",1,0.007,0.667,"Iliamna rivularis","forb","perennial","native"
"155","DC_7_SP","DC",7,"SP",2022,"7/12/2022","Dustin Cousins, Kelly Hopping","LALO",1,0.007,0.667,"Lappula longispina","forb","annual","native"
"156","DC_7_SP","DC",7,"SP",2022,"7/12/2022","Dustin Cousins, Kelly Hopping","LECI",1,0.007,0.667,"Leymus cinereus","grass","perennial","native"
"157","DC_7_SP","DC",7,"SP",2022,"7/12/2022","Dustin Cousins, Kelly Hopping","W",1,0.007,0.667,"wood","wood","",""
"158","DC_8_SP","DC",8,"SP",2022,"7/12/2022","Dustin Cousins, Kelly Hopping","BRTE",96,0.64,64,"Bromus tectorum","cheatgrass","annual","introduced"
"159","DC_8_SP","DC",8,"SP",2022,"7/12/2022","Dustin Cousins, Kelly Hopping","L",66,0.44,44,"litter","litter","",""
"160","DC_8_SP","DC",8,"SP",2022,"7/12/2022","Dustin Cousins, Kelly Hopping","PSSP",17,0.113,11.333,"Pseudoroegneria spicata","grass","perennial","native"
"161","DC_8_SP","DC",8,"SP",2022,"7/12/2022","Dustin Cousins, Kelly Hopping","POSE",14,0.093,9.333,"Poa secunda","grass","perennial","native"
"162","DC_8_SP","DC",8,"SP",2022,"7/12/2022","Dustin Cousins, Kelly Hopping","SIAL",14,0.093,9.333,"Sisymbrium altissimum","forb","annual","introduced"
"163","DC_8_SP","DC",8,"SP",2022,"7/12/2022","Dustin Cousins, Kelly Hopping","BG",11,0.073,7.333,"bare ground","bare ground","",""
"164","DC_8_SP","DC",8,"SP",2022,"7/12/2022","Dustin Cousins, Kelly Hopping","LECI",7,0.047,4.667,"Leymus cinereus","grass","perennial","native"
"165","DC_8_SP","DC",8,"SP",2022,"7/12/2022","Dustin Cousins, Kelly Hopping","PUTR",6,0.04,4,"Purshia tridentata","shrub","perennial","native"
"166","DC_8_SP","DC",8,"SP",2022,"7/12/2022","Dustin Cousins, Kelly Hopping","CHDO",4,0.027,2.667,"Chaenactis douglasii","forb","perennial","native"
"167","DC_8_SP","DC",8,"SP",2022,"7/12/2022","Dustin Cousins, Kelly Hopping","ILRI",3,0.02,2,"Iliamna rivularis","forb","perennial","native"
"168","DC_8_SP","DC",8,"SP",2022,"7/12/2022","Dustin Cousins, Kelly Hopping","SYRO",3,0.02,2,"Symphoricarpos rotundifolius","shrub","perennial","native"
"169","DC_8_SP","DC",8,"SP",2022,"7/12/2022","Dustin Cousins, Kelly Hopping","TECA",3,0.02,2,"Tetradymia canescens","shrub","perennial","native"
"170","DC_8_SP","DC",8,"SP",2022,"7/12/2022","Dustin Cousins, Kelly Hopping","COPA",2,0.013,1.333,"Collinsia parviflora","forb","annual","native"
"171","DC_8_SP","DC",8,"SP",2022,"7/12/2022","Dustin Cousins, Kelly Hopping","CRAC",2,0.013,1.333,"Crepis acuminata","forb","perennial","native"
"172","DC_8_SP","DC",8,"SP",2022,"7/12/2022","Dustin Cousins, Kelly Hopping","DG",2,0.013,1.333,"dead grass","grass","",""
"173","DC_8_SP","DC",8,"SP",2022,"7/12/2022","Dustin Cousins, Kelly Hopping","PHHO",2,0.013,1.333,"Phlox hoodii","forb","perennial","native"
"174","DC_8_SP","DC",8,"SP",2022,"7/12/2022","Dustin Cousins, Kelly Hopping","W",2,0.013,1.333,"wood","wood","",""
"175","DC_8_SP","DC",8,"SP",2022,"7/12/2022","Dustin Cousins, Kelly Hopping","CEVE",1,0.007,0.667,"Ceanothus velutinus","shrub","perennial","native"
"176","DC_8_SP","DC",8,"SP",2022,"7/12/2022","Dustin Cousins, Kelly Hopping","CHVI",1,0.007,0.667,"Chrysothamnus viscidiflorus","shrub","perennial","native"
"177","DC_8_SP","DC",8,"SP",2022,"7/12/2022","Dustin Cousins, Kelly Hopping","DF",1,0.007,0.667,"dead forb","forb","",""
"178","DC_8_SP","DC",8,"SP",2022,"7/12/2022","Dustin Cousins, Kelly Hopping","EPBR",1,0.007,0.667,"Epilobium brachycarpum ","forb","annual","native"
"179","DC_8_SP","DC",8,"SP",2022,"7/12/2022","Dustin Cousins, Kelly Hopping","ERHE",1,0.007,0.667,"Eriogonum heracleoides","forb","perennial","native"
"180","DC_8_SP","DC",8,"SP",2022,"7/12/2022","Dustin Cousins, Kelly Hopping","LALO",1,0.007,0.667,"Lappula longispina","forb","annual","native"
"181","DC_8_SP","DC",8,"SP",2022,"7/12/2022","Dustin Cousins, Kelly Hopping","LASE",1,0.007,0.667,"Lactuca serriola","forb","annual","introduced"
"182","DC_8_SP","DC",8,"SP",2022,"7/12/2022","Dustin Cousins, Kelly Hopping","PHHA",1,0.007,0.667,"Phacelia hastata","forb","perennial","native"
"183","DC_8_SP","DC",8,"SP",2022,"7/12/2022","Dustin Cousins, Kelly Hopping","TRDU",1,0.007,0.667,"Tragopogon dubius","forb","annual","introduced"
"184","DC_9_SU","DC",9,"SU",2022,"7/12/2022","Jacob Scott, April Hulet, Kelly Hopping","BRTE",117,0.78,78,"Bromus tectorum","cheatgrass","annual","introduced"
"185","DC_9_SU","DC",9,"SU",2022,"7/12/2022","Jacob Scott, April Hulet, Kelly Hopping","L",89,0.593,59.333,"litter","litter","",""
"186","DC_9_SU","DC",9,"SU",2022,"7/12/2022","Jacob Scott, April Hulet, Kelly Hopping","LECI",18,0.12,12,"Leymus cinereus","grass","perennial","native"
"187","DC_9_SU","DC",9,"SU",2022,"7/12/2022","Jacob Scott, April Hulet, Kelly Hopping","SIAL",12,0.08,8,"Sisymbrium altissimum","forb","annual","introduced"
"188","DC_9_SU","DC",9,"SU",2022,"7/12/2022","Jacob Scott, April Hulet, Kelly Hopping","SYRO",11,0.073,7.333,"Symphoricarpos rotundifolius","shrub","perennial","native"
"189","DC_9_SU","DC",9,"SU",2022,"7/12/2022","Jacob Scott, April Hulet, Kelly Hopping","POSE",8,0.053,5.333,"Poa secunda","grass","perennial","native"
"190","DC_9_SU","DC",9,"SU",2022,"7/12/2022","Jacob Scott, April Hulet, Kelly Hopping","PRVI",5,0.033,3.333,"Prunus virginiana","shrub","perennial","native"
"191","DC_9_SU","DC",9,"SU",2022,"7/12/2022","Jacob Scott, April Hulet, Kelly Hopping","PSSP",5,0.033,3.333,"Pseudoroegneria spicata","grass","perennial","native"
"192","DC_9_SU","DC",9,"SU",2022,"7/12/2022","Jacob Scott, April Hulet, Kelly Hopping","PUTR",5,0.033,3.333,"Purshia tridentata","shrub","perennial","native"
"193","DC_9_SU","DC",9,"SU",2022,"7/12/2022","Jacob Scott, April Hulet, Kelly Hopping","W",5,0.033,3.333,"wood","wood","",""
"194","DC_9_SU","DC",9,"SU",2022,"7/12/2022","Jacob Scott, April Hulet, Kelly Hopping","BG",4,0.027,2.667,"bare ground","bare ground","",""
"195","DC_9_SU","DC",9,"SU",2022,"7/12/2022","Jacob Scott, April Hulet, Kelly Hopping","HISC",4,0.027,2.667,"Hieracium scouleri","forb","perennial","native"
"196","DC_9_SU","DC",9,"SU",2022,"7/12/2022","Jacob Scott, April Hulet, Kelly Hopping","BRSI",3,0.02,2,"Bromus sitchensis","grass","perennial","native"
"197","DC_9_SU","DC",9,"SU",2022,"7/12/2022","Jacob Scott, April Hulet, Kelly Hopping","ILRI",3,0.02,2,"Iliamna rivularis","forb","perennial","native"
"198","DC_9_SU","DC",9,"SU",2022,"7/12/2022","Jacob Scott, April Hulet, Kelly Hopping","BRAR",2,0.013,1.333,"Bromus arvensis","grass","annual","introduced"
"199","DC_9_SU","DC",9,"SU",2022,"7/12/2022","Jacob Scott, April Hulet, Kelly Hopping","DESO",2,0.013,1.333,"Descurainia sophia ","forb","annual","introduced"
"200","DC_9_SU","DC",9,"SU",2022,"7/12/2022","Jacob Scott, April Hulet, Kelly Hopping","LALO",2,0.013,1.333,"Lappula longispina","forb","annual","native"
"201","DC_9_SU","DC",9,"SU",2022,"7/12/2022","Jacob Scott, April Hulet, Kelly Hopping","MEDI",2,0.013,1.333,"Mentzelia dispersa ","forb","annual","native"
"202","DC_9_SU","DC",9,"SU",2022,"7/12/2022","Jacob Scott, April Hulet, Kelly Hopping","CRAC",1,0.007,0.667,"Crepis acuminata","forb","perennial","native"
"203","DC_9_SU","DC",9,"SU",2022,"7/12/2022","Jacob Scott, April Hulet, Kelly Hopping","CRGR",1,0.007,0.667,"Cryptantha gracilis","forb","annual","native"
"204","DC_9_SU","DC",9,"SU",2022,"7/12/2022","Jacob Scott, April Hulet, Kelly Hopping","DG",1,0.007,0.667,"dead grass","grass","",""
"205","DC_9_SU","DC",9,"SU",2022,"7/12/2022","Jacob Scott, April Hulet, Kelly Hopping","DS",1,0.007,0.667,"dead shrub","shrub","",""
"206","DC_9_SU","DC",9,"SU",2022,"7/12/2022","Jacob Scott, April Hulet, Kelly Hopping","ELTR",1,0.007,0.667,"Elymus trachycaulus","grass","perennial","native"
"207","DC_9_SU","DC",9,"SU",2022,"7/12/2022","Jacob Scott, April Hulet, Kelly Hopping","EPBR",1,0.007,0.667,"Epilobium brachycarpum ","forb","annual","native"
"208","DC_9_SU","DC",9,"SU",2022,"7/12/2022","Jacob Scott, April Hulet, Kelly Hopping","GAAP",1,0.007,0.667,"Galium aparine ","forb","annual","native"
"209","DC_9_SU","DC",9,"SU",2022,"7/12/2022","Jacob Scott, April Hulet, Kelly Hopping","Lomatium",1,0.007,0.667,"Lomatium spp","forb","perennial","native"
"210","DC_9_SU","DC",9,"SU",2022,"7/12/2022","Jacob Scott, April Hulet, Kelly Hopping","Lupinus",1,0.007,0.667,"Lupinus spp","forb","perennial","native"
"211","DC_9_SU","DC",9,"SU",2022,"7/12/2022","Jacob Scott, April Hulet, Kelly Hopping","POPR",1,0.007,0.667,"Poa pratensis","grass","perennial","both"
"212","DC_9_SU","DC",9,"SU",2022,"7/12/2022","Jacob Scott, April Hulet, Kelly Hopping","SCAN",1,0.007,0.667,"Scuttelaria angustifolia ","forb","annual","native"
"213","DC_9_SU","DC",9,"SU",2022,"7/12/2022","Jacob Scott, April Hulet, Kelly Hopping","VIPU",1,0.007,0.667,"Viola purpurea","forb","perennial","native"
"214","DC_9_SU","DC",9,"SU",2022,"7/12/2022","Jacob Scott, April Hulet, Kelly Hopping","unknown forb",1,0.007,0.667,"unknown forb","forb","",""
"215","DC_10_SU","DC",10,"SU",2022,"7/7/2022","Dustin Cousins, Maddi Sorrentino","BRTE",113,0.753,75.333,"Bromus tectorum","cheatgrass","annual","introduced"
"216","DC_10_SU","DC",10,"SU",2022,"7/7/2022","Dustin Cousins, Maddi Sorrentino","L",45,0.3,30,"litter","litter","",""
"217","DC_10_SU","DC",10,"SU",2022,"7/7/2022","Dustin Cousins, Maddi Sorrentino","BG",17,0.113,11.333,"bare ground","bare ground","",""
"218","DC_10_SU","DC",10,"SU",2022,"7/7/2022","Dustin Cousins, Maddi Sorrentino","SIAL",14,0.093,9.333,"Sisymbrium altissimum","forb","annual","introduced"
"219","DC_10_SU","DC",10,"SU",2022,"7/7/2022","Dustin Cousins, Maddi Sorrentino","SYRO",13,0.087,8.667,"Symphoricarpos rotundifolius","shrub","perennial","native"
"220","DC_10_SU","DC",10,"SU",2022,"7/7/2022","Dustin Cousins, Maddi Sorrentino","LECI",9,0.06,6,"Leymus cinereus","grass","perennial","native"
"221","DC_10_SU","DC",10,"SU",2022,"7/7/2022","Dustin Cousins, Maddi Sorrentino","PUTR",7,0.047,4.667,"Purshia tridentata","shrub","perennial","native"
"222","DC_10_SU","DC",10,"SU",2022,"7/7/2022","Dustin Cousins, Maddi Sorrentino","POSE",4,0.027,2.667,"Poa secunda","grass","perennial","native"
"223","DC_10_SU","DC",10,"SU",2022,"7/7/2022","Dustin Cousins, Maddi Sorrentino","PSSP",4,0.027,2.667,"Pseudoroegneria spicata","grass","perennial","native"
"224","DC_11_SU","DC",11,"SU",2022,"7/7/2022","Dustin Cousins, April Hulet","BRTE",103,0.687,68.667,"Bromus tectorum","cheatgrass","annual","introduced"
"225","DC_11_SU","DC",11,"SU",2022,"7/7/2022","Dustin Cousins, April Hulet","L",74,0.493,49.333,"litter","litter","",""
"226","DC_11_SU","DC",11,"SU",2022,"7/7/2022","Dustin Cousins, April Hulet","BG",18,0.12,12,"bare ground","bare ground","",""
"227","DC_11_SU","DC",11,"SU",2022,"7/7/2022","Dustin Cousins, April Hulet","SIAL",15,0.1,10,"Sisymbrium altissimum","forb","annual","introduced"
"228","DC_11_SU","DC",11,"SU",2022,"7/7/2022","Dustin Cousins, April Hulet","PUTR",12,0.08,8,"Purshia tridentata","shrub","perennial","native"
"229","DC_11_SU","DC",11,"SU",2022,"7/7/2022","Dustin Cousins, April Hulet","LECI",10,0.067,6.667,"Leymus cinereus","grass","perennial","native"
"230","DC_11_SU","DC",11,"SU",2022,"7/7/2022","Dustin Cousins, April Hulet","POSE",8,0.053,5.333,"Poa secunda","grass","perennial","native"
"231","DC_11_SU","DC",11,"SU",2022,"7/7/2022","Dustin Cousins, April Hulet","W",5,0.033,3.333,"wood","wood","",""
"232","DC_11_SU","DC",11,"SU",2022,"7/7/2022","Dustin Cousins, April Hulet","SYRO",4,0.027,2.667,"Symphoricarpos rotundifolius","shrub","perennial","native"
"233","DC_11_SU","DC",11,"SU",2022,"7/7/2022","Dustin Cousins, April Hulet","EPBR",3,0.02,2,"Epilobium brachycarpum ","forb","annual","native"
"234","DC_11_SU","DC",11,"SU",2022,"7/7/2022","Dustin Cousins, April Hulet","PHHA",3,0.02,2,"Phacelia hastata","forb","perennial","native"
"235","DC_11_SU","DC",11,"SU",2022,"7/7/2022","Dustin Cousins, April Hulet","PSSP",3,0.02,2,"Pseudoroegneria spicata","grass","perennial","native"
"236","DC_11_SU","DC",11,"SU",2022,"7/7/2022","Dustin Cousins, April Hulet","BASA",2,0.013,1.333,"Balsamorhiza sagittata","forb","perennial","native"
"237","DC_11_SU","DC",11,"SU",2022,"7/7/2022","Dustin Cousins, April Hulet","COPA",2,0.013,1.333,"Collinsia parviflora","forb","annual","native"
"238","DC_11_SU","DC",11,"SU",2022,"7/7/2022","Dustin Cousins, April Hulet","ILRI",2,0.013,1.333,"Iliamna rivularis","forb","perennial","native"
"239","DC_11_SU","DC",11,"SU",2022,"7/7/2022","Dustin Cousins, April Hulet","PRVI",2,0.013,1.333,"Prunus virginiana","shrub","perennial","native"
"240","DC_11_SU","DC",11,"SU",2022,"7/7/2022","Dustin Cousins, April Hulet","ARTR",1,0.007,0.667,"Artemisia tridentata vaseyana","shrub","perennial","native"
"241","DC_11_SU","DC",11,"SU",2022,"7/7/2022","Dustin Cousins, April Hulet","CHDO",1,0.007,0.667,"Chaenactis douglasii","forb","perennial","native"
"242","DC_11_SU","DC",11,"SU",2022,"7/7/2022","Dustin Cousins, April Hulet","CRAC",1,0.007,0.667,"Crepis acuminata","forb","perennial","native"
"243","DC_11_SU","DC",11,"SU",2022,"7/7/2022","Dustin Cousins, April Hulet","GEVI",1,0.007,0.667,"Geranium viscosissimum","forb","perennial","native"
"244","DC_11_SU","DC",11,"SU",2022,"7/7/2022","Dustin Cousins, April Hulet","Lomatium",1,0.007,0.667,"Lomatium spp","forb","perennial","native"
"245","DC_11_SU","DC",11,"SU",2022,"7/7/2022","Dustin Cousins, April Hulet","TRDU",1,0.007,0.667,"Tragopogon dubius","forb","annual","introduced"
"246","DC_12_SU","DC",12,"SU",2022,"7/14/2022","April Hulet","L",116,0.773,77.333,"litter","litter","",""
"247","DC_12_SU","DC",12,"SU",2022,"7/14/2022","April Hulet","BRTE",79,0.527,52.667,"Bromus tectorum","cheatgrass","annual","introduced"
"248","DC_12_SU","DC",12,"SU",2022,"7/14/2022","April Hulet","LECI",26,0.173,17.333,"Leymus cinereus","grass","perennial","native"
"249","DC_12_SU","DC",12,"SU",2022,"7/14/2022","April Hulet","BRSI",24,0.16,16,"Bromus sitchensis","grass","perennial","native"
"250","DC_12_SU","DC",12,"SU",2022,"7/14/2022","April Hulet","PSSP",14,0.093,9.333,"Pseudoroegneria spicata","grass","perennial","native"
"251","DC_12_SU","DC",12,"SU",2022,"7/14/2022","April Hulet","SYRO",14,0.093,9.333,"Symphoricarpos rotundifolius","shrub","perennial","native"
"252","DC_12_SU","DC",12,"SU",2022,"7/14/2022","April Hulet","COPA",11,0.073,7.333,"Collinsia parviflora","forb","annual","native"
"253","DC_12_SU","DC",12,"SU",2022,"7/14/2022","April Hulet","POPR",11,0.073,7.333,"Poa pratensis","grass","perennial","both"
"254","DC_12_SU","DC",12,"SU",2022,"7/14/2022","April Hulet","CRAC",8,0.053,5.333,"Crepis acuminata","forb","perennial","native"
"255","DC_12_SU","DC",12,"SU",2022,"7/14/2022","April Hulet","ILRI",7,0.047,4.667,"Iliamna rivularis","forb","perennial","native"
"256","DC_12_SU","DC",12,"SU",2022,"7/14/2022","April Hulet","SIAL",6,0.04,4,"Sisymbrium altissimum","forb","annual","introduced"
"257","DC_12_SU","DC",12,"SU",2022,"7/14/2022","April Hulet","BASA",5,0.033,3.333,"Balsamorhiza sagittata","forb","perennial","native"
"258","DC_12_SU","DC",12,"SU",2022,"7/14/2022","April Hulet","EPBR",5,0.033,3.333,"Epilobium brachycarpum ","forb","annual","native"
"259","DC_12_SU","DC",12,"SU",2022,"7/14/2022","April Hulet","DESO",4,0.027,2.667,"Descurainia sophia ","forb","annual","introduced"
"260","DC_12_SU","DC",12,"SU",2022,"7/14/2022","April Hulet","PUTR",4,0.027,2.667,"Purshia tridentata","shrub","perennial","native"
"261","DC_12_SU","DC",12,"SU",2022,"7/14/2022","April Hulet","MARE",3,0.02,2,"Mahonia repens","shrub","perennial","native"
"262","DC_12_SU","DC",12,"SU",2022,"7/14/2022","April Hulet","POSE",3,0.02,2,"Poa secunda","grass","perennial","native"
"263","DC_12_SU","DC",12,"SU",2022,"7/14/2022","April Hulet","POTR",3,0.02,2,"Populus tremuloides","tree","perennial","native"
"264","DC_12_SU","DC",12,"SU",2022,"7/14/2022","April Hulet","BG",2,0.013,1.333,"bare ground","bare ground","",""
"265","DC_12_SU","DC",12,"SU",2022,"7/14/2022","April Hulet","CAGE",2,0.013,1.333,"Carex geyeri ","sedge","perennial","native"
"266","DC_12_SU","DC",12,"SU",2022,"7/14/2022","April Hulet","GEVI",2,0.013,1.333,"Geranium viscosissimum","forb","perennial","native"
"267","DC_12_SU","DC",12,"SU",2022,"7/14/2022","April Hulet","PRVI",2,0.013,1.333,"Prunus virginiana","shrub","perennial","native"
"268","DC_12_SU","DC",12,"SU",2022,"7/14/2022","April Hulet","W",2,0.013,1.333,"wood","wood","",""
"269","DC_12_SU","DC",12,"SU",2022,"7/14/2022","April Hulet","ARTR",1,0.007,0.667,"Artemisia tridentata vaseyana","shrub","perennial","native"
"270","DC_12_SU","DC",12,"SU",2022,"7/14/2022","April Hulet","BOCO",1,0.007,0.667,"Boechera collinsii","forb","perennial","native"
"271","DC_12_SU","DC",12,"SU",2022,"7/14/2022","April Hulet","ERSP",1,0.007,0.667,"Eriastrum sparsiflorum","forb","annual","native"
"272","DC_12_SU","DC",12,"SU",2022,"7/14/2022","April Hulet","LALO",1,0.007,0.667,"Lappula longispina","forb","annual","native"
"273","DC_12_SU","DC",12,"SU",2022,"7/14/2022","April Hulet","RICE",1,0.007,0.667,"Ribes cereum ","shrub","perennial","native"
"274","DC_12_SU","DC",12,"SU",2022,"7/14/2022","April Hulet","ROWO",1,0.007,0.667,"Rosa woodsii","shrub","perennial","native"
"275","DC_12_SU","DC",12,"SU",2022,"7/14/2022","April Hulet","TRDU",1,0.007,0.667,"Tragopogon dubius","forb","annual","introduced"
"276","DC_13_FA","DC",13,"FA",2022,"7/19/2022","Curtis Drake, Kelly Hopping","BRTE",85,0.567,56.667,"Bromus tectorum","cheatgrass","annual","introduced"
"277","DC_13_FA","DC",13,"FA",2022,"7/19/2022","Curtis Drake, Kelly Hopping","L",74,0.493,49.333,"litter","litter","",""
"278","DC_13_FA","DC",13,"FA",2022,"7/19/2022","Curtis Drake, Kelly Hopping","POSE",23,0.153,15.333,"Poa secunda","grass","perennial","native"
"279","DC_13_FA","DC",13,"FA",2022,"7/19/2022","Curtis Drake, Kelly Hopping","BG",17,0.113,11.333,"bare ground","bare ground","",""
"280","DC_13_FA","DC",13,"FA",2022,"7/19/2022","Curtis Drake, Kelly Hopping","PSSP",14,0.093,9.333,"Pseudoroegneria spicata","grass","perennial","native"
"281","DC_13_FA","DC",13,"FA",2022,"7/19/2022","Curtis Drake, Kelly Hopping","SYRO",7,0.047,4.667,"Symphoricarpos rotundifolius","shrub","perennial","native"
"282","DC_13_FA","DC",13,"FA",2022,"7/19/2022","Curtis Drake, Kelly Hopping","BASA",4,0.027,2.667,"Balsamorhiza sagittata","forb","perennial","native"
"283","DC_13_FA","DC",13,"FA",2022,"7/19/2022","Curtis Drake, Kelly Hopping","Lomatium",4,0.027,2.667,"Lomatium spp","forb","perennial","native"
"284","DC_13_FA","DC",13,"FA",2022,"7/19/2022","Curtis Drake, Kelly Hopping","TECA",4,0.027,2.667,"Tetradymia canescens","shrub","perennial","native"
"285","DC_13_FA","DC",13,"FA",2022,"7/19/2022","Curtis Drake, Kelly Hopping","DESO",3,0.02,2,"Descurainia sophia ","forb","annual","introduced"
"286","DC_13_FA","DC",13,"FA",2022,"7/19/2022","Curtis Drake, Kelly Hopping","DS",3,0.02,2,"dead shrub","shrub","",""
"287","DC_13_FA","DC",13,"FA",2022,"7/19/2022","Curtis Drake, Kelly Hopping","SIAL",3,0.02,2,"Sisymbrium altissimum","forb","annual","introduced"
"288","DC_13_FA","DC",13,"FA",2022,"7/19/2022","Curtis Drake, Kelly Hopping","CHVI",2,0.013,1.333,"Chrysothamnus viscidiflorus","shrub","perennial","native"
"289","DC_13_FA","DC",13,"FA",2022,"7/19/2022","Curtis Drake, Kelly Hopping","ERHE",2,0.013,1.333,"Eriogonum heracleoides","forb","perennial","native"
"290","DC_13_FA","DC",13,"FA",2022,"7/19/2022","Curtis Drake, Kelly Hopping","LECI",2,0.013,1.333,"Leymus cinereus","grass","perennial","native"
"291","DC_13_FA","DC",13,"FA",2022,"7/19/2022","Curtis Drake, Kelly Hopping","PHHO",2,0.013,1.333,"Phlox hoodii","forb","perennial","native"
"292","DC_13_FA","DC",13,"FA",2022,"7/19/2022","Curtis Drake, Kelly Hopping","PRVI",2,0.013,1.333,"Prunus virginiana","shrub","perennial","native"
"293","DC_13_FA","DC",13,"FA",2022,"7/19/2022","Curtis Drake, Kelly Hopping","PUTR",2,0.013,1.333,"Purshia tridentata","shrub","perennial","native"
"294","DC_13_FA","DC",13,"FA",2022,"7/19/2022","Curtis Drake, Kelly Hopping","W",2,0.013,1.333,"wood","wood","",""
"295","DC_13_FA","DC",13,"FA",2022,"7/19/2022","Curtis Drake, Kelly Hopping","ARTR",1,0.007,0.667,"Artemisia tridentata vaseyana","shrub","perennial","native"
"296","DC_13_FA","DC",13,"FA",2022,"7/19/2022","Curtis Drake, Kelly Hopping","CAMI",1,0.007,0.667,"Camelina microcarpa","forb","annual","introduced"
"297","DC_13_FA","DC",13,"FA",2022,"7/19/2022","Curtis Drake, Kelly Hopping","COPA",1,0.007,0.667,"Collinsia parviflora","forb","annual","native"
"298","DC_13_FA","DC",13,"FA",2022,"7/19/2022","Curtis Drake, Kelly Hopping","ERUM",1,0.007,0.667,"Eriogonum umbellatum","forb","perennial","native"
"299","DC_13_FA","DC",13,"FA",2022,"7/19/2022","Curtis Drake, Kelly Hopping","LASE",1,0.007,0.667,"Lactuca serriola","forb","annual","introduced"
"300","DC_13_FA","DC",13,"FA",2022,"7/19/2022","Curtis Drake, Kelly Hopping","Lupinus",1,0.007,0.667,"Lupinus spp","forb","perennial","native"
"301","DC_13_FA","DC",13,"FA",2022,"7/19/2022","Curtis Drake, Kelly Hopping","MEBU",1,0.007,0.667,"Melica bulbosa","grass","perennial","native"
"302","DC_13_FA","DC",13,"FA",2022,"7/19/2022","Curtis Drake, Kelly Hopping","PHHA",1,0.007,0.667,"Phacelia hastata","forb","perennial","native"
"303","DC_13_FA","DC",13,"FA",2022,"7/19/2022","Curtis Drake, Kelly Hopping","unknown forb",1,0.007,0.667,"unknown forb","forb","",""
"304","DC_14_FA","DC",14,"FA",2022,"7/19/2022","Curtis Drake, Maddi Sorrentino","BRTE",111,0.74,74,"Bromus tectorum","cheatgrass","annual","introduced"
"305","DC_14_FA","DC",14,"FA",2022,"7/19/2022","Curtis Drake, Maddi Sorrentino","L",80,0.533,53.333,"litter","litter","",""
"306","DC_14_FA","DC",14,"FA",2022,"7/19/2022","Curtis Drake, Maddi Sorrentino","PSSP",23,0.153,15.333,"Pseudoroegneria spicata","grass","perennial","native"
"307","DC_14_FA","DC",14,"FA",2022,"7/19/2022","Curtis Drake, Maddi Sorrentino","SIAL",21,0.14,14,"Sisymbrium altissimum","forb","annual","introduced"
"308","DC_14_FA","DC",14,"FA",2022,"7/19/2022","Curtis Drake, Maddi Sorrentino","LECI",20,0.133,13.333,"Leymus cinereus","grass","perennial","native"
"309","DC_14_FA","DC",14,"FA",2022,"7/19/2022","Curtis Drake, Maddi Sorrentino","BASA",12,0.08,8,"Balsamorhiza sagittata","forb","perennial","native"
"310","DC_14_FA","DC",14,"FA",2022,"7/19/2022","Curtis Drake, Maddi Sorrentino","POSE",9,0.06,6,"Poa secunda","grass","perennial","native"
"311","DC_14_FA","DC",14,"FA",2022,"7/19/2022","Curtis Drake, Maddi Sorrentino","BG",8,0.053,5.333,"bare ground","bare ground","",""
"312","DC_14_FA","DC",14,"FA",2022,"7/19/2022","Curtis Drake, Maddi Sorrentino","CAMI",8,0.053,5.333,"Camelina microcarpa","forb","annual","introduced"
"313","DC_14_FA","DC",14,"FA",2022,"7/19/2022","Curtis Drake, Maddi Sorrentino","SYRO",7,0.047,4.667,"Symphoricarpos rotundifolius","shrub","perennial","native"
"314","DC_14_FA","DC",14,"FA",2022,"7/19/2022","Curtis Drake, Maddi Sorrentino","TECA",5,0.033,3.333,"Tetradymia canescens","shrub","perennial","native"
"315","DC_14_FA","DC",14,"FA",2022,"7/19/2022","Curtis Drake, Maddi Sorrentino","DESO",4,0.027,2.667,"Descurainia sophia ","forb","annual","introduced"
"316","DC_14_FA","DC",14,"FA",2022,"7/19/2022","Curtis Drake, Maddi Sorrentino","BRSI",3,0.02,2,"Bromus sitchensis","grass","perennial","native"
"317","DC_14_FA","DC",14,"FA",2022,"7/19/2022","Curtis Drake, Maddi Sorrentino","COPA",3,0.02,2,"Collinsia parviflora","forb","annual","native"
"318","DC_14_FA","DC",14,"FA",2022,"7/19/2022","Curtis Drake, Maddi Sorrentino","Lupinus",3,0.02,2,"Lupinus spp","forb","perennial","native"
"319","DC_14_FA","DC",14,"FA",2022,"7/19/2022","Curtis Drake, Maddi Sorrentino","CHVI",2,0.013,1.333,"Chrysothamnus viscidiflorus","shrub","perennial","native"
"320","DC_14_FA","DC",14,"FA",2022,"7/19/2022","Curtis Drake, Maddi Sorrentino","EPBR",2,0.013,1.333,"Epilobium brachycarpum ","forb","annual","native"
"321","DC_14_FA","DC",14,"FA",2022,"7/19/2022","Curtis Drake, Maddi Sorrentino","CRAC",1,0.007,0.667,"Crepis acuminata","forb","perennial","native"
"322","DC_14_FA","DC",14,"FA",2022,"7/19/2022","Curtis Drake, Maddi Sorrentino","DS",1,0.007,0.667,"dead shrub","shrub","",""
"323","DC_14_FA","DC",14,"FA",2022,"7/19/2022","Curtis Drake, Maddi Sorrentino","ERNA",1,0.007,0.667,"Ericameria nauseosa","shrub","perennial","native"
"324","DC_14_FA","DC",14,"FA",2022,"7/19/2022","Curtis Drake, Maddi Sorrentino","HEUN",1,0.007,0.667,"Helianthella uniflora","forb","perennial","native"
"325","DC_14_FA","DC",14,"FA",2022,"7/19/2022","Curtis Drake, Maddi Sorrentino","ILRI",1,0.007,0.667,"Iliamna rivularis","forb","perennial","native"
"326","DC_14_FA","DC",14,"FA",2022,"7/19/2022","Curtis Drake, Maddi Sorrentino","LALO",1,0.007,0.667,"Lappula longispina","forb","annual","native"
"327","DC_14_FA","DC",14,"FA",2022,"7/19/2022","Curtis Drake, Maddi Sorrentino","MEBU",1,0.007,0.667,"Melica bulbosa","grass","perennial","native"
"328","DC_14_FA","DC",14,"FA",2022,"7/19/2022","Curtis Drake, Maddi Sorrentino","POPR",1,0.007,0.667,"Poa pratensis","grass","perennial","both"
"329","DC_14_FA","DC",14,"FA",2022,"7/19/2022","Curtis Drake, Maddi Sorrentino","W",1,0.007,0.667,"wood","wood","",""
"330","DC_15_FA","DC",15,"FA",2022,"7/20/2022","Curtis Drake, Kelly Hopping","L",118,0.787,78.667,"litter","litter","",""
"331","DC_15_FA","DC",15,"FA",2022,"7/20/2022","Curtis Drake, Kelly Hopping","BRTE",117,0.78,78,"Bromus tectorum","cheatgrass","annual","introduced"
"332","DC_15_FA","DC",15,"FA",2022,"7/20/2022","Curtis Drake, Kelly Hopping","PRVI",21,0.14,14,"Prunus virginiana","shrub","perennial","native"
"333","DC_15_FA","DC",15,"FA",2022,"7/20/2022","Curtis Drake, Kelly Hopping","PUTR",15,0.1,10,"Purshia tridentata","shrub","perennial","native"
"334","DC_15_FA","DC",15,"FA",2022,"7/20/2022","Curtis Drake, Kelly Hopping","SIAL",15,0.1,10,"Sisymbrium altissimum","forb","annual","introduced"
"335","DC_15_FA","DC",15,"FA",2022,"7/20/2022","Curtis Drake, Kelly Hopping","LECI",13,0.087,8.667,"Leymus cinereus","grass","perennial","native"
"336","DC_15_FA","DC",15,"FA",2022,"7/20/2022","Curtis Drake, Kelly Hopping","BG",5,0.033,3.333,"bare ground","bare ground","",""
"337","DC_15_FA","DC",15,"FA",2022,"7/20/2022","Curtis Drake, Kelly Hopping","PSSP",5,0.033,3.333,"Pseudoroegneria spicata","grass","perennial","native"
"338","DC_15_FA","DC",15,"FA",2022,"7/20/2022","Curtis Drake, Kelly Hopping","POSE",4,0.027,2.667,"Poa secunda","grass","perennial","native"
"339","DC_15_FA","DC",15,"FA",2022,"7/20/2022","Curtis Drake, Kelly Hopping","TRDU",4,0.027,2.667,"Tragopogon dubius","forb","annual","introduced"
"340","DC_15_FA","DC",15,"FA",2022,"7/20/2022","Curtis Drake, Kelly Hopping","ARTR",2,0.013,1.333,"Artemisia tridentata vaseyana","shrub","perennial","native"
"341","DC_15_FA","DC",15,"FA",2022,"7/20/2022","Curtis Drake, Kelly Hopping","BASA",2,0.013,1.333,"Balsamorhiza sagittata","forb","perennial","native"
"342","DC_15_FA","DC",15,"FA",2022,"7/20/2022","Curtis Drake, Kelly Hopping","DS",2,0.013,1.333,"dead shrub","shrub","",""
"343","DC_15_FA","DC",15,"FA",2022,"7/20/2022","Curtis Drake, Kelly Hopping","Lupinus",2,0.013,1.333,"Lupinus spp","forb","perennial","native"
"344","DC_15_FA","DC",15,"FA",2022,"7/20/2022","Curtis Drake, Kelly Hopping","EPBR",1,0.007,0.667,"Epilobium brachycarpum ","forb","annual","native"
"345","DC_15_FA","DC",15,"FA",2022,"7/20/2022","Curtis Drake, Kelly Hopping","PHHA",1,0.007,0.667,"Phacelia hastata","forb","perennial","native"
"346","DC_15_FA","DC",15,"FA",2022,"7/20/2022","Curtis Drake, Kelly Hopping","SCAN",1,0.007,0.667,"Scuttelaria angustifolia ","forb","annual","native"
"347","DC_15_FA","DC",15,"FA",2022,"7/20/2022","Curtis Drake, Kelly Hopping","W",1,0.007,0.667,"wood","wood","",""
"348","DC_16_FA","DC",16,"FA",2022,"7/20/2022","Curtis Drake, Kelly Hopping","L",113,0.753,75.333,"litter","litter","",""
"349","DC_16_FA","DC",16,"FA",2022,"7/20/2022","Curtis Drake, Kelly Hopping","BRTE",94,0.627,62.667,"Bromus tectorum","cheatgrass","annual","introduced"
"350","DC_16_FA","DC",16,"FA",2022,"7/20/2022","Curtis Drake, Kelly Hopping","LECI",58,0.387,38.667,"Leymus cinereus","grass","perennial","native"
"351","DC_16_FA","DC",16,"FA",2022,"7/20/2022","Curtis Drake, Kelly Hopping","PSSP",26,0.173,17.333,"Pseudoroegneria spicata","grass","perennial","native"
"352","DC_16_FA","DC",16,"FA",2022,"7/20/2022","Curtis Drake, Kelly Hopping","ERCI",14,0.093,9.333,"Erodium cicutarium","forb","annual","introduced"
"353","DC_16_FA","DC",16,"FA",2022,"7/20/2022","Curtis Drake, Kelly Hopping","SIAL",14,0.093,9.333,"Sisymbrium altissimum","forb","annual","introduced"
"354","DC_16_FA","DC",16,"FA",2022,"7/20/2022","Curtis Drake, Kelly Hopping","POSE",6,0.04,4,"Poa secunda","grass","perennial","native"
"355","DC_16_FA","DC",16,"FA",2022,"7/20/2022","Curtis Drake, Kelly Hopping","TRDU",4,0.027,2.667,"Tragopogon dubius","forb","annual","introduced"
"356","DC_16_FA","DC",16,"FA",2022,"7/20/2022","Curtis Drake, Kelly Hopping","BASA",3,0.02,2,"Balsamorhiza sagittata","forb","perennial","native"
"357","DC_16_FA","DC",16,"FA",2022,"7/20/2022","Curtis Drake, Kelly Hopping","BG",3,0.02,2,"bare ground","bare ground","",""
"358","DC_16_FA","DC",16,"FA",2022,"7/20/2022","Curtis Drake, Kelly Hopping","CRAC",2,0.013,1.333,"Crepis acuminata","forb","perennial","native"
"359","DC_16_FA","DC",16,"FA",2022,"7/20/2022","Curtis Drake, Kelly Hopping","DESO",2,0.013,1.333,"Descurainia sophia ","forb","annual","introduced"
"360","DC_16_FA","DC",16,"FA",2022,"7/20/2022","Curtis Drake, Kelly Hopping","GADI",2,0.013,1.333,"Gayophytum diffusum ","forb","annual","native"
"361","DC_16_FA","DC",16,"FA",2022,"7/20/2022","Curtis Drake, Kelly Hopping","LIRU",2,0.013,1.333,"Lithospermum ruderale","forb","perennial","native"
"362","DC_16_FA","DC",16,"FA",2022,"7/20/2022","Curtis Drake, Kelly Hopping","PUTR",2,0.013,1.333,"Purshia tridentata","shrub","perennial","native"
"363","DC_16_FA","DC",16,"FA",2022,"7/20/2022","Curtis Drake, Kelly Hopping","BRSI",1,0.007,0.667,"Bromus sitchensis","grass","perennial","native"
"364","DC_16_FA","DC",16,"FA",2022,"7/20/2022","Curtis Drake, Kelly Hopping","DS",1,0.007,0.667,"dead shrub","shrub","",""
"365","DC_16_FA","DC",16,"FA",2022,"7/20/2022","Curtis Drake, Kelly Hopping","Danthonia",1,0.007,0.667,"Danthonia spp","grass","perennial","native"
"366","DC_16_FA","DC",16,"FA",2022,"7/20/2022","Curtis Drake, Kelly Hopping","EPBR",1,0.007,0.667,"Epilobium brachycarpum ","forb","annual","native"
"367","DC_16_FA","DC",16,"FA",2022,"7/20/2022","Curtis Drake, Kelly Hopping","HISC",1,0.007,0.667,"Hieracium scouleri","forb","perennial","native"
"368","DC_16_FA","DC",16,"FA",2022,"7/20/2022","Curtis Drake, Kelly Hopping","LASE",1,0.007,0.667,"Lactuca serriola","forb","annual","introduced"
"369","DC_16_FA","DC",16,"FA",2022,"7/20/2022","Curtis Drake, Kelly Hopping","MEOB",1,0.007,0.667,"Mertensia oblongifolia","forb","perennial","native"
"370","DC_16_FA","DC",16,"FA",2022,"7/20/2022","Curtis Drake, Kelly Hopping","POCU",1,0.007,0.667,"Poa cusickii","grass","perennial","native"
"371","DC_16_FA","DC",16,"FA",2022,"7/20/2022","Curtis Drake, Kelly Hopping","POPR",1,0.007,0.667,"Poa pratensis","grass","perennial","both"
"372","DC_16_FA","DC",16,"FA",2022,"7/20/2022","Curtis Drake, Kelly Hopping","SYRO",1,0.007,0.667,"Symphoricarpos rotundifolius","shrub","perennial","native"
"373","LK_17_SP","LK",17,"SP",2022,"7/13/2022","Kelly Hopping, Jacob Scott","L",87,0.58,58,"litter","litter","",""
"374","LK_17_SP","LK",17,"SP",2022,"7/13/2022","Kelly Hopping, Jacob Scott","BRTE",42,0.28,28,"Bromus tectorum","cheatgrass","annual","introduced"
"375","LK_17_SP","LK",17,"SP",2022,"7/13/2022","Kelly Hopping, Jacob Scott","PSSP",26,0.173,17.333,"Pseudoroegneria spicata","grass","perennial","native"
"376","LK_17_SP","LK",17,"SP",2022,"7/13/2022","Kelly Hopping, Jacob Scott","ARTR",21,0.14,14,"Artemisia tridentata vaseyana","shrub","perennial","native"
"377","LK_17_SP","LK",17,"SP",2022,"7/13/2022","Kelly Hopping, Jacob Scott","BRSI",21,0.14,14,"Bromus sitchensis","grass","perennial","native"
"378","LK_17_SP","LK",17,"SP",2022,"7/13/2022","Kelly Hopping, Jacob Scott","SIAL",21,0.14,14,"Sisymbrium altissimum","forb","annual","introduced"
"379","LK_17_SP","LK",17,"SP",2022,"7/13/2022","Kelly Hopping, Jacob Scott","COPA",16,0.107,10.667,"Collinsia parviflora","forb","annual","native"
"380","LK_17_SP","LK",17,"SP",2022,"7/13/2022","Kelly Hopping, Jacob Scott","CEVE",10,0.067,6.667,"Ceanothus velutinus","shrub","perennial","native"
"381","LK_17_SP","LK",17,"SP",2022,"7/13/2022","Kelly Hopping, Jacob Scott","PHHA",10,0.067,6.667,"Phacelia hastata","forb","perennial","native"
"382","LK_17_SP","LK",17,"SP",2022,"7/13/2022","Kelly Hopping, Jacob Scott","SCAN",10,0.067,6.667,"Scuttelaria angustifolia ","forb","annual","native"
"383","LK_17_SP","LK",17,"SP",2022,"7/13/2022","Kelly Hopping, Jacob Scott","EPBR",9,0.06,6,"Epilobium brachycarpum ","forb","annual","native"
"384","LK_17_SP","LK",17,"SP",2022,"7/13/2022","Kelly Hopping, Jacob Scott","TRDU",8,0.053,5.333,"Tragopogon dubius","forb","annual","introduced"
"385","LK_17_SP","LK",17,"SP",2022,"7/13/2022","Kelly Hopping, Jacob Scott","MEBU",7,0.047,4.667,"Melica bulbosa","grass","perennial","native"
"386","LK_17_SP","LK",17,"SP",2022,"7/13/2022","Kelly Hopping, Jacob Scott","BASA",6,0.04,4,"Balsamorhiza sagittata","forb","perennial","native"
"387","LK_17_SP","LK",17,"SP",2022,"7/13/2022","Kelly Hopping, Jacob Scott","BG",6,0.04,4,"bare ground","bare ground","",""
"388","LK_17_SP","LK",17,"SP",2022,"7/13/2022","Kelly Hopping, Jacob Scott","Lupinus",5,0.033,3.333,"Lupinus spp","forb","perennial","native"
"389","LK_17_SP","LK",17,"SP",2022,"7/13/2022","Kelly Hopping, Jacob Scott","ACOC",4,0.027,2.667,"Achnatherum occidentale ","grass","perennial","native"
"390","LK_17_SP","LK",17,"SP",2022,"7/13/2022","Kelly Hopping, Jacob Scott","CHVI",4,0.027,2.667,"Chrysothamnus viscidiflorus","shrub","perennial","native"
"391","LK_17_SP","LK",17,"SP",2022,"7/13/2022","Kelly Hopping, Jacob Scott","PRVI",4,0.027,2.667,"Prunus virginiana","shrub","perennial","native"
"392","LK_17_SP","LK",17,"SP",2022,"7/13/2022","Kelly Hopping, Jacob Scott","SYRO",4,0.027,2.667,"Symphoricarpos rotundifolius","shrub","perennial","native"
"393","LK_17_SP","LK",17,"SP",2022,"7/13/2022","Kelly Hopping, Jacob Scott","OSOC",3,0.02,2,"Osmorhiza occidentalis","forb","perennial","native"
"394","LK_17_SP","LK",17,"SP",2022,"7/13/2022","Kelly Hopping, Jacob Scott","AGGL",2,0.013,1.333,"Agoseris glauca","forb","perennial","native"
"395","LK_17_SP","LK",17,"SP",2022,"7/13/2022","Kelly Hopping, Jacob Scott","AMAL",2,0.013,1.333,"Amelanchier alnifolia","shrub","perennial","native"
"396","LK_17_SP","LK",17,"SP",2022,"7/13/2022","Kelly Hopping, Jacob Scott","DF",2,0.013,1.333,"dead forb","forb","",""
"397","LK_17_SP","LK",17,"SP",2022,"7/13/2022","Kelly Hopping, Jacob Scott","DG",2,0.013,1.333,"dead grass","grass","",""
"398","LK_17_SP","LK",17,"SP",2022,"7/13/2022","Kelly Hopping, Jacob Scott","BRAR",1,0.007,0.667,"Bromus arvensis","grass","annual","introduced"
"399","LK_17_SP","LK",17,"SP",2022,"7/13/2022","Kelly Hopping, Jacob Scott","CRAC",1,0.007,0.667,"Crepis acuminata","forb","perennial","native"
"400","LK_17_SP","LK",17,"SP",2022,"7/13/2022","Kelly Hopping, Jacob Scott","GADI",1,0.007,0.667,"Gayophytum diffusum ","forb","annual","native"
"401","LK_17_SP","LK",17,"SP",2022,"7/13/2022","Kelly Hopping, Jacob Scott","LECI",1,0.007,0.667,"Leymus cinereus","grass","perennial","native"
"402","LK_17_SP","LK",17,"SP",2022,"7/13/2022","Kelly Hopping, Jacob Scott","POSE",1,0.007,0.667,"Poa secunda","grass","perennial","native"
"403","LK_17_SP","LK",17,"SP",2022,"7/13/2022","Kelly Hopping, Jacob Scott","TECA",1,0.007,0.667,"Tetradymia canescens","shrub","perennial","native"
"404","LK_17_SP","LK",17,"SP",2022,"7/13/2022","Kelly Hopping, Jacob Scott","W",1,0.007,0.667,"wood","wood","",""
"405","LK_17_SP","LK",17,"SP",2022,"7/13/2022","Kelly Hopping, Jacob Scott","unknown grass",1,0.007,0.667,"unknown grass","grass","",""
"406","LK_18_SP","LK",18,"SP",2022,"7/13/2022","Kelly Hopping","L",68,0.453,45.333,"litter","litter","",""
"407","LK_18_SP","LK",18,"SP",2022,"7/13/2022","Kelly Hopping","POSE",44,0.293,29.333,"Poa secunda","grass","perennial","native"
"408","LK_18_SP","LK",18,"SP",2022,"7/13/2022","Kelly Hopping","BG",26,0.173,17.333,"bare ground","bare ground","",""
"409","LK_18_SP","LK",18,"SP",2022,"7/13/2022","Kelly Hopping","PSSP",25,0.167,16.667,"Pseudoroegneria spicata","grass","perennial","native"
"410","LK_18_SP","LK",18,"SP",2022,"7/13/2022","Kelly Hopping","BRTE",23,0.153,15.333,"Bromus tectorum","cheatgrass","annual","introduced"
"411","LK_18_SP","LK",18,"SP",2022,"7/13/2022","Kelly Hopping","BASA",18,0.12,12,"Balsamorhiza sagittata","forb","perennial","native"
"412","LK_18_SP","LK",18,"SP",2022,"7/13/2022","Kelly Hopping","KOMA",9,0.06,6,"Koeleria macrantha","grass","perennial","native"
"413","LK_18_SP","LK",18,"SP",2022,"7/13/2022","Kelly Hopping","ARTR",6,0.04,4,"Artemisia tridentata vaseyana","shrub","perennial","native"
"414","LK_18_SP","LK",18,"SP",2022,"7/13/2022","Kelly Hopping","CRAC",6,0.04,4,"Crepis acuminata","forb","perennial","native"
"415","LK_18_SP","LK",18,"SP",2022,"7/13/2022","Kelly Hopping","SIAL",6,0.04,4,"Sisymbrium altissimum","forb","annual","introduced"
"416","LK_18_SP","LK",18,"SP",2022,"7/13/2022","Kelly Hopping","COPA",4,0.027,2.667,"Collinsia parviflora","forb","annual","native"
"417","LK_18_SP","LK",18,"SP",2022,"7/13/2022","Kelly Hopping","MEBU",4,0.027,2.667,"Melica bulbosa","grass","perennial","native"
"418","LK_18_SP","LK",18,"SP",2022,"7/13/2022","Kelly Hopping","PHHO",3,0.02,2,"Phlox hoodii","forb","perennial","native"
"419","LK_18_SP","LK",18,"SP",2022,"7/13/2022","Kelly Hopping","TRDU",3,0.02,2,"Tragopogon dubius","forb","annual","introduced"
"420","LK_18_SP","LK",18,"SP",2022,"7/13/2022","Kelly Hopping","ACNE",2,0.013,1.333,"Achnatherum nelsonii","grass","perennial","native"
"421","LK_18_SP","LK",18,"SP",2022,"7/13/2022","Kelly Hopping","LOFO",2,0.013,1.333,"Lomatium foeniculaceum ","forb","perennial","native"
"422","LK_18_SP","LK",18,"SP",2022,"7/13/2022","Kelly Hopping","PRVI",2,0.013,1.333,"Prunus virginiana","shrub","perennial","native"
"423","LK_18_SP","LK",18,"SP",2022,"7/13/2022","Kelly Hopping","SCAN",2,0.013,1.333,"Scuttelaria angustifolia ","forb","annual","native"
"424","LK_18_SP","LK",18,"SP",2022,"7/13/2022","Kelly Hopping","AGGR",1,0.007,0.667,"Agoseris grandiflora","forb","perennial","native"
"425","LK_18_SP","LK",18,"SP",2022,"7/13/2022","Kelly Hopping","BRAR",1,0.007,0.667,"Bromus arvensis","grass","annual","introduced"
"426","LK_18_SP","LK",18,"SP",2022,"7/13/2022","Kelly Hopping","BRSI",1,0.007,0.667,"Bromus sitchensis","grass","perennial","native"
"427","LK_18_SP","LK",18,"SP",2022,"7/13/2022","Kelly Hopping","DF",1,0.007,0.667,"dead forb","forb","",""
"428","LK_18_SP","LK",18,"SP",2022,"7/13/2022","Kelly Hopping","ERUM",1,0.007,0.667,"Eriogonum umbellatum","forb","perennial","native"
"429","LK_18_SP","LK",18,"SP",2022,"7/13/2022","Kelly Hopping","HEUN",1,0.007,0.667,"Helianthella uniflora","forb","perennial","native"
"430","LK_18_SP","LK",18,"SP",2022,"7/13/2022","Kelly Hopping","LIRU",1,0.007,0.667,"Lithospermum ruderale","forb","perennial","native"
"431","LK_18_SP","LK",18,"SP",2022,"7/13/2022","Kelly Hopping","Lupinus",1,0.007,0.667,"Lupinus spp","forb","perennial","native"
"432","LK_18_SP","LK",18,"SP",2022,"7/13/2022","Kelly Hopping","SYRO",1,0.007,0.667,"Symphoricarpos rotundifolius","shrub","perennial","native"
"433","LK_18_SP","LK",18,"SP",2022,"7/13/2022","Kelly Hopping","VIPU",1,0.007,0.667,"Viola purpurea","forb","perennial","native"
"434","LK_18_SP","LK",18,"SP",2022,"7/13/2022","Kelly Hopping","W",1,0.007,0.667,"wood","wood","",""
"435","LK_19_SP","LK",19,"SP",2022,"7/14/2022","Kelly Hopping, Jacob Scott","BRTE",85,0.567,56.667,"Bromus tectorum","cheatgrass","annual","introduced"
"436","LK_19_SP","LK",19,"SP",2022,"7/14/2022","Kelly Hopping, Jacob Scott","L",82,0.547,54.667,"litter","litter","",""
"437","LK_19_SP","LK",19,"SP",2022,"7/14/2022","Kelly Hopping, Jacob Scott","SIAL",26,0.173,17.333,"Sisymbrium altissimum","forb","annual","introduced"
"438","LK_19_SP","LK",19,"SP",2022,"7/14/2022","Kelly Hopping, Jacob Scott","PSSP",19,0.127,12.667,"Pseudoroegneria spicata","grass","perennial","native"
"439","LK_19_SP","LK",19,"SP",2022,"7/14/2022","Kelly Hopping, Jacob Scott","POSE",17,0.113,11.333,"Poa secunda","grass","perennial","native"
"440","LK_19_SP","LK",19,"SP",2022,"7/14/2022","Kelly Hopping, Jacob Scott","BG",13,0.087,8.667,"bare ground","bare ground","",""
"441","LK_19_SP","LK",19,"SP",2022,"7/14/2022","Kelly Hopping, Jacob Scott","CEVE",9,0.06,6,"Ceanothus velutinus","shrub","perennial","native"
"442","LK_19_SP","LK",19,"SP",2022,"7/14/2022","Kelly Hopping, Jacob Scott","PHHA",7,0.047,4.667,"Phacelia hastata","forb","perennial","native"
"443","LK_19_SP","LK",19,"SP",2022,"7/14/2022","Kelly Hopping, Jacob Scott","EPBR",6,0.04,4,"Epilobium brachycarpum ","forb","annual","native"
"444","LK_19_SP","LK",19,"SP",2022,"7/14/2022","Kelly Hopping, Jacob Scott","TRDU",6,0.04,4,"Tragopogon dubius","forb","annual","introduced"
"445","LK_19_SP","LK",19,"SP",2022,"7/14/2022","Kelly Hopping, Jacob Scott","BASA",5,0.033,3.333,"Balsamorhiza sagittata","forb","perennial","native"
"446","LK_19_SP","LK",19,"SP",2022,"7/14/2022","Kelly Hopping, Jacob Scott","LECI",5,0.033,3.333,"Leymus cinereus","grass","perennial","native"
"447","LK_19_SP","LK",19,"SP",2022,"7/14/2022","Kelly Hopping, Jacob Scott","COPA",4,0.027,2.667,"Collinsia parviflora","forb","annual","native"
"448","LK_19_SP","LK",19,"SP",2022,"7/14/2022","Kelly Hopping, Jacob Scott","LILE",4,0.027,2.667,"Linum lewisii","forb","perennial","native"
"449","LK_19_SP","LK",19,"SP",2022,"7/14/2022","Kelly Hopping, Jacob Scott","PRVI",4,0.027,2.667,"Prunus virginiana","shrub","perennial","native"
"450","LK_19_SP","LK",19,"SP",2022,"7/14/2022","Kelly Hopping, Jacob Scott","DESO",3,0.02,2,"Descurainia sophia ","forb","annual","introduced"
"451","LK_19_SP","LK",19,"SP",2022,"7/14/2022","Kelly Hopping, Jacob Scott","MEBU",3,0.02,2,"Melica bulbosa","grass","perennial","native"
"452","LK_19_SP","LK",19,"SP",2022,"7/14/2022","Kelly Hopping, Jacob Scott","LOFO",2,0.013,1.333,"Lomatium foeniculaceum ","forb","perennial","native"
"453","LK_19_SP","LK",19,"SP",2022,"7/14/2022","Kelly Hopping, Jacob Scott","SYRO",2,0.013,1.333,"Symphoricarpos rotundifolius","shrub","perennial","native"
"454","LK_19_SP","LK",19,"SP",2022,"7/14/2022","Kelly Hopping, Jacob Scott","TECA",2,0.013,1.333,"Tetradymia canescens","shrub","perennial","native"
"455","LK_19_SP","LK",19,"SP",2022,"7/14/2022","Kelly Hopping, Jacob Scott","AGHE",1,0.007,0.667,"Agoseris heterophylla ","forb","annual","native"
"456","LK_19_SP","LK",19,"SP",2022,"7/14/2022","Kelly Hopping, Jacob Scott","BRAR",1,0.007,0.667,"Bromus arvensis","grass","annual","introduced"
"457","LK_19_SP","LK",19,"SP",2022,"7/14/2022","Kelly Hopping, Jacob Scott","CHVI",1,0.007,0.667,"Chrysothamnus viscidiflorus","shrub","perennial","native"
"458","LK_19_SP","LK",19,"SP",2022,"7/14/2022","Kelly Hopping, Jacob Scott","DS",1,0.007,0.667,"dead shrub","shrub","",""
"459","LK_19_SP","LK",19,"SP",2022,"7/14/2022","Kelly Hopping, Jacob Scott","DT",1,0.007,0.667,"dead tree","tree","",""
"460","LK_19_SP","LK",19,"SP",2022,"7/14/2022","Kelly Hopping, Jacob Scott","GADI",1,0.007,0.667,"Gayophytum diffusum ","forb","annual","native"
"461","LK_19_SP","LK",19,"SP",2022,"7/14/2022","Kelly Hopping, Jacob Scott","HEUN",1,0.007,0.667,"Helianthella uniflora","forb","perennial","native"
"462","LK_19_SP","LK",19,"SP",2022,"7/14/2022","Kelly Hopping, Jacob Scott","Lupinus",1,0.007,0.667,"Lupinus spp","forb","perennial","native"
"463","LK_19_SP","LK",19,"SP",2022,"7/14/2022","Kelly Hopping, Jacob Scott","PHHO",1,0.007,0.667,"Phlox hoodii","forb","perennial","native"
"464","LK_19_SP","LK",19,"SP",2022,"7/14/2022","Kelly Hopping, Jacob Scott","PUTR",1,0.007,0.667,"Purshia tridentata","shrub","perennial","native"
"465","LK_19_SP","LK",19,"SP",2022,"7/14/2022","Kelly Hopping, Jacob Scott","SCAN",1,0.007,0.667,"Scuttelaria angustifolia ","forb","annual","native"
"466","LK_19_SP","LK",19,"SP",2022,"7/14/2022","Kelly Hopping, Jacob Scott","W",1,0.007,0.667,"wood","wood","",""
"467","LK_20_SP","LK",20,"SP",2022,"7/14/2022","Kelly Hopping, Colby Behr","BRTE",98,0.653,65.333,"Bromus tectorum","cheatgrass","annual","introduced"
"468","LK_20_SP","LK",20,"SP",2022,"7/14/2022","Kelly Hopping, Colby Behr","L",93,0.62,62,"litter","litter","",""
"469","LK_20_SP","LK",20,"SP",2022,"7/14/2022","Kelly Hopping, Colby Behr","PSSP",31,0.207,20.667,"Pseudoroegneria spicata","grass","perennial","native"
"470","LK_20_SP","LK",20,"SP",2022,"7/14/2022","Kelly Hopping, Colby Behr","OSOC",24,0.16,16,"Osmorhiza occidentalis","forb","perennial","native"
"471","LK_20_SP","LK",20,"SP",2022,"7/14/2022","Kelly Hopping, Colby Behr","PRVI",18,0.12,12,"Prunus virginiana","shrub","perennial","native"
"472","LK_20_SP","LK",20,"SP",2022,"7/14/2022","Kelly Hopping, Colby Behr","SIAL",16,0.107,10.667,"Sisymbrium altissimum","forb","annual","introduced"
"473","LK_20_SP","LK",20,"SP",2022,"7/14/2022","Kelly Hopping, Colby Behr","BASA",13,0.087,8.667,"Balsamorhiza sagittata","forb","perennial","native"
"474","LK_20_SP","LK",20,"SP",2022,"7/14/2022","Kelly Hopping, Colby Behr","ERUM",11,0.073,7.333,"Eriogonum umbellatum","forb","perennial","native"
"475","LK_20_SP","LK",20,"SP",2022,"7/14/2022","Kelly Hopping, Colby Behr","BG",7,0.047,4.667,"bare ground","bare ground","",""
"476","LK_20_SP","LK",20,"SP",2022,"7/14/2022","Kelly Hopping, Colby Behr","MAGR",6,0.04,4,"Madia gracilis","forb","annual","native"
"477","LK_20_SP","LK",20,"SP",2022,"7/14/2022","Kelly Hopping, Colby Behr","PUTR",6,0.04,4,"Purshia tridentata","shrub","perennial","native"
"478","LK_20_SP","LK",20,"SP",2022,"7/14/2022","Kelly Hopping, Colby Behr","Lupinus",5,0.033,3.333,"Lupinus spp","forb","perennial","native"
"479","LK_20_SP","LK",20,"SP",2022,"7/14/2022","Kelly Hopping, Colby Behr","ARTR",4,0.027,2.667,"Artemisia tridentata vaseyana","shrub","perennial","native"
"480","LK_20_SP","LK",20,"SP",2022,"7/14/2022","Kelly Hopping, Colby Behr","COPA",3,0.02,2,"Collinsia parviflora","forb","annual","native"
"481","LK_20_SP","LK",20,"SP",2022,"7/14/2022","Kelly Hopping, Colby Behr","DESO",3,0.02,2,"Descurainia sophia ","forb","annual","introduced"
"482","LK_20_SP","LK",20,"SP",2022,"7/14/2022","Kelly Hopping, Colby Behr","MEBU",3,0.02,2,"Melica bulbosa","grass","perennial","native"
"483","LK_20_SP","LK",20,"SP",2022,"7/14/2022","Kelly Hopping, Colby Behr","SYRO",3,0.02,2,"Symphoricarpos rotundifolius","shrub","perennial","native"
"484","LK_20_SP","LK",20,"SP",2022,"7/14/2022","Kelly Hopping, Colby Behr","GADI",2,0.013,1.333,"Gayophytum diffusum ","forb","annual","native"
"485","LK_20_SP","LK",20,"SP",2022,"7/14/2022","Kelly Hopping, Colby Behr","HEUN",2,0.013,1.333,"Helianthella uniflora","forb","perennial","native"
"486","LK_20_SP","LK",20,"SP",2022,"7/14/2022","Kelly Hopping, Colby Behr","HISC",2,0.013,1.333,"Hieracium scouleri","forb","perennial","native"
"487","LK_20_SP","LK",20,"SP",2022,"7/14/2022","Kelly Hopping, Colby Behr","SCAN",2,0.013,1.333,"Scuttelaria angustifolia ","forb","annual","native"
"488","LK_20_SP","LK",20,"SP",2022,"7/14/2022","Kelly Hopping, Colby Behr","W",2,0.013,1.333,"wood","wood","",""
"489","LK_20_SP","LK",20,"SP",2022,"7/14/2022","Kelly Hopping, Colby Behr","ERNA",1,0.007,0.667,"Ericameria nauseosa","shrub","perennial","native"
"490","LK_20_SP","LK",20,"SP",2022,"7/14/2022","Kelly Hopping, Colby Behr","Elymus",1,0.007,0.667,"Elymus spp","grass","perennial","native"
"491","LK_20_SP","LK",20,"SP",2022,"7/14/2022","Kelly Hopping, Colby Behr","LILE",1,0.007,0.667,"Linum lewisii","forb","perennial","native"
"492","LK_20_SP","LK",20,"SP",2022,"7/14/2022","Kelly Hopping, Colby Behr","TECA",1,0.007,0.667,"Tetradymia canescens","shrub","perennial","native"
"493","LK_20_SP","LK",20,"SP",2022,"7/14/2022","Kelly Hopping, Colby Behr","TRDU",1,0.007,0.667,"Tragopogon dubius","forb","annual","introduced"
"494","LK_21_FASP","LK",21,"FASP",2022,"7/21/2022","Curtis Drake, Kelly Hopping","BRTE",125,0.833,83.333,"Bromus tectorum","cheatgrass","annual","introduced"
"495","LK_21_FASP","LK",21,"FASP",2022,"7/21/2022","Curtis Drake, Kelly Hopping","L",110,0.733,73.333,"litter","litter","",""
"496","LK_21_FASP","LK",21,"FASP",2022,"7/21/2022","Curtis Drake, Kelly Hopping","PSSP",11,0.073,7.333,"Pseudoroegneria spicata","grass","perennial","native"
"497","LK_21_FASP","LK",21,"FASP",2022,"7/21/2022","Curtis Drake, Kelly Hopping","SIAL",10,0.067,6.667,"Sisymbrium altissimum","forb","annual","introduced"
"498","LK_21_FASP","LK",21,"FASP",2022,"7/21/2022","Curtis Drake, Kelly Hopping","LECI",8,0.053,5.333,"Leymus cinereus","grass","perennial","native"
"499","LK_21_FASP","LK",21,"FASP",2022,"7/21/2022","Curtis Drake, Kelly Hopping","MEBU",6,0.04,4,"Melica bulbosa","grass","perennial","native"
"500","LK_21_FASP","LK",21,"FASP",2022,"7/21/2022","Curtis Drake, Kelly Hopping","SYRO",6,0.04,4,"Symphoricarpos rotundifolius","shrub","perennial","native"
"501","LK_21_FASP","LK",21,"FASP",2022,"7/21/2022","Curtis Drake, Kelly Hopping","BG",5,0.033,3.333,"bare ground","bare ground","",""
"502","LK_21_FASP","LK",21,"FASP",2022,"7/21/2022","Curtis Drake, Kelly Hopping","EPBR",3,0.02,2,"Epilobium brachycarpum ","forb","annual","native"
"503","LK_21_FASP","LK",21,"FASP",2022,"7/21/2022","Curtis Drake, Kelly Hopping","HAMI",3,0.02,2,"Hackelia micrantha","forb","perennial","native"
"504","LK_21_FASP","LK",21,"FASP",2022,"7/21/2022","Curtis Drake, Kelly Hopping","PHHA",3,0.02,2,"Phacelia hastata","forb","perennial","native"
"505","LK_21_FASP","LK",21,"FASP",2022,"7/21/2022","Curtis Drake, Kelly Hopping","PUTR",3,0.02,2,"Purshia tridentata","shrub","perennial","native"
"506","LK_21_FASP","LK",21,"FASP",2022,"7/21/2022","Curtis Drake, Kelly Hopping","DG",2,0.013,1.333,"dead grass","grass","",""
"507","LK_21_FASP","LK",21,"FASP",2022,"7/21/2022","Curtis Drake, Kelly Hopping","CAGE",1,0.007,0.667,"Carex geyeri ","sedge","perennial","native"
"508","LK_21_FASP","LK",21,"FASP",2022,"7/21/2022","Curtis Drake, Kelly Hopping","POSE",1,0.007,0.667,"Poa secunda","grass","perennial","native"
"509","LK_21_FASP","LK",21,"FASP",2022,"7/21/2022","Curtis Drake, Kelly Hopping","SCAN",1,0.007,0.667,"Scuttelaria angustifolia ","forb","annual","native"
"510","LK_22_FASP","LK",22,"FASP",2022,"7/21/2022","Curtis Drake, Kelly Hopping","BRTE",133,0.887,88.667,"Bromus tectorum","cheatgrass","annual","introduced"
"511","LK_22_FASP","LK",22,"FASP",2022,"7/21/2022","Curtis Drake, Kelly Hopping","L",133,0.887,88.667,"litter","litter","",""
"512","LK_22_FASP","LK",22,"FASP",2022,"7/21/2022","Curtis Drake, Kelly Hopping","SIAL",52,0.347,34.667,"Sisymbrium altissimum","forb","annual","introduced"
"513","LK_22_FASP","LK",22,"FASP",2022,"7/21/2022","Curtis Drake, Kelly Hopping","PSSP",9,0.06,6,"Pseudoroegneria spicata","grass","perennial","native"
"514","LK_22_FASP","LK",22,"FASP",2022,"7/21/2022","Curtis Drake, Kelly Hopping","PUTR",8,0.053,5.333,"Purshia tridentata","shrub","perennial","native"
"515","LK_22_FASP","LK",22,"FASP",2022,"7/21/2022","Curtis Drake, Kelly Hopping","POSE",7,0.047,4.667,"Poa secunda","grass","perennial","native"
"516","LK_22_FASP","LK",22,"FASP",2022,"7/21/2022","Curtis Drake, Kelly Hopping","ILRI",5,0.033,3.333,"Iliamna rivularis","forb","perennial","native"
"517","LK_22_FASP","LK",22,"FASP",2022,"7/21/2022","Curtis Drake, Kelly Hopping","SYRO",5,0.033,3.333,"Symphoricarpos rotundifolius","shrub","perennial","native"
"518","LK_22_FASP","LK",22,"FASP",2022,"7/21/2022","Curtis Drake, Kelly Hopping","EPBR",4,0.027,2.667,"Epilobium brachycarpum ","forb","annual","native"
"519","LK_22_FASP","LK",22,"FASP",2022,"7/21/2022","Curtis Drake, Kelly Hopping","PHHA",4,0.027,2.667,"Phacelia hastata","forb","perennial","native"
"520","LK_22_FASP","LK",22,"FASP",2022,"7/21/2022","Curtis Drake, Kelly Hopping","LECI",3,0.02,2,"Leymus cinereus","grass","perennial","native"
"521","LK_22_FASP","LK",22,"FASP",2022,"7/21/2022","Curtis Drake, Kelly Hopping","BASA",2,0.013,1.333,"Balsamorhiza sagittata","forb","perennial","native"
"522","LK_22_FASP","LK",22,"FASP",2022,"7/21/2022","Curtis Drake, Kelly Hopping","DICA",2,0.013,1.333,"Dieteria canescens","forb","perennial","native"
"523","LK_22_FASP","LK",22,"FASP",2022,"7/21/2022","Curtis Drake, Kelly Hopping","W",2,0.013,1.333,"wood","wood","",""
"524","LK_22_FASP","LK",22,"FASP",2022,"7/21/2022","Curtis Drake, Kelly Hopping","BG",1,0.007,0.667,"bare ground","bare ground","",""
"525","LK_22_FASP","LK",22,"FASP",2022,"7/21/2022","Curtis Drake, Kelly Hopping","DG",1,0.007,0.667,"dead grass","grass","",""
"526","LK_22_FASP","LK",22,"FASP",2022,"7/21/2022","Curtis Drake, Kelly Hopping","HEUN",1,0.007,0.667,"Helianthella uniflora","forb","perennial","native"
"527","LK_22_FASP","LK",22,"FASP",2022,"7/21/2022","Curtis Drake, Kelly Hopping","PRVI",1,0.007,0.667,"Prunus virginiana","shrub","perennial","native"
"528","LK_23_FASP","LK",23,"FASP",2022,"7/11/2022","April Hulet","L",128,0.853,85.333,"litter","litter","",""
"529","LK_23_FASP","LK",23,"FASP",2022,"7/11/2022","April Hulet","BRTE",71,0.473,47.333,"Bromus tectorum","cheatgrass","annual","introduced"
"530","LK_23_FASP","LK",23,"FASP",2022,"7/11/2022","April Hulet","POSE",28,0.187,18.667,"Poa secunda","grass","perennial","native"
"531","LK_23_FASP","LK",23,"FASP",2022,"7/11/2022","April Hulet","LECI",22,0.147,14.667,"Leymus cinereus","grass","perennial","native"
"532","LK_23_FASP","LK",23,"FASP",2022,"7/11/2022","April Hulet","Lupinus",19,0.127,12.667,"Lupinus spp","forb","perennial","native"
"533","LK_23_FASP","LK",23,"FASP",2022,"7/11/2022","April Hulet","SIAL",16,0.107,10.667,"Sisymbrium altissimum","forb","annual","introduced"
"534","LK_23_FASP","LK",23,"FASP",2022,"7/11/2022","April Hulet","KOMA",13,0.087,8.667,"Koeleria macrantha","grass","perennial","native"
"535","LK_23_FASP","LK",23,"FASP",2022,"7/11/2022","April Hulet","PSSP",12,0.08,8,"Pseudoroegneria spicata","grass","perennial","native"
"536","LK_23_FASP","LK",23,"FASP",2022,"7/11/2022","April Hulet","CHVI",10,0.067,6.667,"Chrysothamnus viscidiflorus","shrub","perennial","native"
"537","LK_23_FASP","LK",23,"FASP",2022,"7/11/2022","April Hulet","CRAC",9,0.06,6,"Crepis acuminata","forb","perennial","native"
"538","LK_23_FASP","LK",23,"FASP",2022,"7/11/2022","April Hulet","ARTR",4,0.027,2.667,"Artemisia tridentata vaseyana","shrub","perennial","native"
"539","LK_23_FASP","LK",23,"FASP",2022,"7/11/2022","April Hulet","HISC",4,0.027,2.667,"Hieracium scouleri","forb","perennial","native"
"540","LK_23_FASP","LK",23,"FASP",2022,"7/11/2022","April Hulet","BG",3,0.02,2,"bare ground","bare ground","",""
"541","LK_23_FASP","LK",23,"FASP",2022,"7/11/2022","April Hulet","PELA",3,0.02,2,"Penstemon laxus ","forb","perennial","native"
"542","LK_23_FASP","LK",23,"FASP",2022,"7/11/2022","April Hulet","COPA",2,0.013,1.333,"Collinsia parviflora","forb","annual","native"
"543","LK_23_FASP","LK",23,"FASP",2022,"7/11/2022","April Hulet","EPBR",2,0.013,1.333,"Epilobium brachycarpum ","forb","annual","native"
"544","LK_23_FASP","LK",23,"FASP",2022,"7/11/2022","April Hulet","PUTR",2,0.013,1.333,"Purshia tridentata","shrub","perennial","native"
"545","LK_23_FASP","LK",23,"FASP",2022,"7/11/2022","April Hulet","ACMI",1,0.007,0.667,"Achillea millefolium","forb","perennial","native"
"546","LK_23_FASP","LK",23,"FASP",2022,"7/11/2022","April Hulet","ACOC",1,0.007,0.667,"Achnatherum occidentale ","grass","perennial","native"
"547","LK_23_FASP","LK",23,"FASP",2022,"7/11/2022","April Hulet","DEPI",1,0.007,0.667,"Descurainia pinnata","forb","annual","native"
"548","LK_23_FASP","LK",23,"FASP",2022,"7/11/2022","April Hulet","ELEL",1,0.007,0.667,"Elymus elymoides","grass","perennial","native"
"549","LK_23_FASP","LK",23,"FASP",2022,"7/11/2022","April Hulet","GADI",1,0.007,0.667,"Gayophytum diffusum ","forb","annual","native"
"550","LK_23_FASP","LK",23,"FASP",2022,"7/11/2022","April Hulet","PHHA",1,0.007,0.667,"Phacelia hastata","forb","perennial","native"
"551","LK_24_FASP","LK",24,"FASP",2022,"7/11/2022","Deb Taylor, Briana Swette, Vuono","L",134,0.893,89.333,"litter","litter","",""
"552","LK_24_FASP","LK",24,"FASP",2022,"7/11/2022","Deb Taylor, Briana Swette, Vuono","BRTE",122,0.813,81.333,"Bromus tectorum","cheatgrass","annual","introduced"
"553","LK_24_FASP","LK",24,"FASP",2022,"7/11/2022","Deb Taylor, Briana Swette, Vuono","PSSP",16,0.107,10.667,"Pseudoroegneria spicata","grass","perennial","native"
"554","LK_24_FASP","LK",24,"FASP",2022,"7/11/2022","Deb Taylor, Briana Swette, Vuono","LECI",15,0.1,10,"Leymus cinereus","grass","perennial","native"
"555","LK_24_FASP","LK",24,"FASP",2022,"7/11/2022","Deb Taylor, Briana Swette, Vuono","PRVI",13,0.087,8.667,"Prunus virginiana","shrub","perennial","native"
"556","LK_24_FASP","LK",24,"FASP",2022,"7/11/2022","Deb Taylor, Briana Swette, Vuono","SIAL",12,0.08,8,"Sisymbrium altissimum","forb","annual","introduced"
"557","LK_24_FASP","LK",24,"FASP",2022,"7/11/2022","Deb Taylor, Briana Swette, Vuono","EPBR",11,0.073,7.333,"Epilobium brachycarpum ","forb","annual","native"
"558","LK_24_FASP","LK",24,"FASP",2022,"7/11/2022","Deb Taylor, Briana Swette, Vuono","PUTR",11,0.073,7.333,"Purshia tridentata","shrub","perennial","native"
"559","LK_24_FASP","LK",24,"FASP",2022,"7/11/2022","Deb Taylor, Briana Swette, Vuono","POSE",9,0.06,6,"Poa secunda","grass","perennial","native"
"560","LK_24_FASP","LK",24,"FASP",2022,"7/11/2022","Deb Taylor, Briana Swette, Vuono","CAGE",4,0.027,2.667,"Carex geyeri ","sedge","perennial","native"
"561","LK_24_FASP","LK",24,"FASP",2022,"7/11/2022","Deb Taylor, Briana Swette, Vuono","DEPI",4,0.027,2.667,"Descurainia pinnata","forb","annual","native"
"562","LK_24_FASP","LK",24,"FASP",2022,"7/11/2022","Deb Taylor, Briana Swette, Vuono","ACOC",3,0.02,2,"Achnatherum occidentale ","grass","perennial","native"
"563","LK_24_FASP","LK",24,"FASP",2022,"7/11/2022","Deb Taylor, Briana Swette, Vuono","PHHA",3,0.02,2,"Phacelia hastata","forb","perennial","native"
"564","LK_24_FASP","LK",24,"FASP",2022,"7/11/2022","Deb Taylor, Briana Swette, Vuono","DF",2,0.013,1.333,"dead forb","forb","",""
"565","LK_24_FASP","LK",24,"FASP",2022,"7/11/2022","Deb Taylor, Briana Swette, Vuono","GADI",2,0.013,1.333,"Gayophytum diffusum ","forb","annual","native"
"566","LK_24_FASP","LK",24,"FASP",2022,"7/11/2022","Deb Taylor, Briana Swette, Vuono","ILRI",2,0.013,1.333,"Iliamna rivularis","forb","perennial","native"
"567","LK_24_FASP","LK",24,"FASP",2022,"7/11/2022","Deb Taylor, Briana Swette, Vuono","VETH",2,0.013,1.333,"Verbascum thapsus","forb","perennial","introduced"
"568","LK_24_FASP","LK",24,"FASP",2022,"7/11/2022","Deb Taylor, Briana Swette, Vuono","ARTR",1,0.007,0.667,"Artemisia tridentata vaseyana","shrub","perennial","native"
"569","LK_24_FASP","LK",24,"FASP",2022,"7/11/2022","Deb Taylor, Briana Swette, Vuono","BASA",1,0.007,0.667,"Balsamorhiza sagittata","forb","perennial","native"
"570","LK_24_FASP","LK",24,"FASP",2022,"7/11/2022","Deb Taylor, Briana Swette, Vuono","BG",1,0.007,0.667,"bare ground","bare ground","",""
"571","LK_24_FASP","LK",24,"FASP",2022,"7/11/2022","Deb Taylor, Briana Swette, Vuono","DS",1,0.007,0.667,"dead shrub","shrub","",""
"572","LK_24_FASP","LK",24,"FASP",2022,"7/11/2022","Deb Taylor, Briana Swette, Vuono","ELEL",1,0.007,0.667,"Elymus elymoides","grass","perennial","native"
"573","LK_24_FASP","LK",24,"FASP",2022,"7/11/2022","Deb Taylor, Briana Swette, Vuono","KOMA",1,0.007,0.667,"Koeleria macrantha","grass","perennial","native"
"574","LK_24_FASP","LK",24,"FASP",2022,"7/11/2022","Deb Taylor, Briana Swette, Vuono","LOFO",1,0.007,0.667,"Lomatium foeniculaceum ","forb","perennial","native"
"575","LK_24_FASP","LK",24,"FASP",2022,"7/11/2022","Deb Taylor, Briana Swette, Vuono","MASA",1,0.007,0.667,"Madia sativa ","forb","annual","native"
"576","LK_24_FASP","LK",24,"FASP",2022,"7/11/2022","Deb Taylor, Briana Swette, Vuono","SCAN",1,0.007,0.667,"Scuttelaria angustifolia ","forb","annual","native"
"577","LK_24_FASP","LK",24,"FASP",2022,"7/11/2022","Deb Taylor, Briana Swette, Vuono","SEIN",1,0.007,0.667,"Senecio integerrimus","forb","perennial","native"
"578","LK_24_FASP","LK",24,"FASP",2022,"7/11/2022","Deb Taylor, Briana Swette, Vuono","W",1,0.007,0.667,"wood","wood","",""
"579","LK_25_SU","LK",25,"SU",2022,"7/19/2022","April Hulet","L",90,0.6,60,"litter","litter","",""
"580","LK_25_SU","LK",25,"SU",2022,"7/19/2022","April Hulet","BRTE",38,0.253,25.333,"Bromus tectorum","cheatgrass","annual","introduced"
"581","LK_25_SU","LK",25,"SU",2022,"7/19/2022","April Hulet","BG",23,0.153,15.333,"bare ground","bare ground","",""
"582","LK_25_SU","LK",25,"SU",2022,"7/19/2022","April Hulet","PSSP",23,0.153,15.333,"Pseudoroegneria spicata","grass","perennial","native"
"583","LK_25_SU","LK",25,"SU",2022,"7/19/2022","April Hulet","POSE",22,0.147,14.667,"Poa secunda","grass","perennial","native"
"584","LK_25_SU","LK",25,"SU",2022,"7/19/2022","April Hulet","SIAL",18,0.12,12,"Sisymbrium altissimum","forb","annual","introduced"
"585","LK_25_SU","LK",25,"SU",2022,"7/19/2022","April Hulet","PUTR",12,0.08,8,"Purshia tridentata","shrub","perennial","native"
"586","LK_25_SU","LK",25,"SU",2022,"7/19/2022","April Hulet","BASA",10,0.067,6.667,"Balsamorhiza sagittata","forb","perennial","native"
"587","LK_25_SU","LK",25,"SU",2022,"7/19/2022","April Hulet","KOMA",6,0.04,4,"Koeleria macrantha","grass","perennial","native"
"588","LK_25_SU","LK",25,"SU",2022,"7/19/2022","April Hulet","MAGR",5,0.033,3.333,"Madia gracilis","forb","annual","native"
"589","LK_25_SU","LK",25,"SU",2022,"7/19/2022","April Hulet","PHHO",4,0.027,2.667,"Phlox hoodii","forb","perennial","native"
"590","LK_25_SU","LK",25,"SU",2022,"7/19/2022","April Hulet","SYRO",4,0.027,2.667,"Symphoricarpos rotundifolius","shrub","perennial","native"
"591","LK_25_SU","LK",25,"SU",2022,"7/19/2022","April Hulet","CHVI",3,0.02,2,"Chrysothamnus viscidiflorus","shrub","perennial","native"
"592","LK_25_SU","LK",25,"SU",2022,"7/19/2022","April Hulet","TECA",3,0.02,2,"Tetradymia canescens","shrub","perennial","native"
"593","LK_25_SU","LK",25,"SU",2022,"7/19/2022","April Hulet","COPA",2,0.013,1.333,"Collinsia parviflora","forb","annual","native"
"594","LK_25_SU","LK",25,"SU",2022,"7/19/2022","April Hulet","DF",2,0.013,1.333,"dead forb","forb","",""
"595","LK_25_SU","LK",25,"SU",2022,"7/19/2022","April Hulet","LALO",2,0.013,1.333,"Lappula longispina","forb","annual","native"
"596","LK_25_SU","LK",25,"SU",2022,"7/19/2022","April Hulet","ARTR",1,0.007,0.667,"Artemisia tridentata vaseyana","shrub","perennial","native"
"597","LK_25_SU","LK",25,"SU",2022,"7/19/2022","April Hulet","Cirsium",1,0.007,0.667,"Cirsium spp","forb","",""
"598","LK_25_SU","LK",25,"SU",2022,"7/19/2022","April Hulet","DS",1,0.007,0.667,"dead shrub","shrub","",""
"599","LK_25_SU","LK",25,"SU",2022,"7/19/2022","April Hulet","EPBR",1,0.007,0.667,"Epilobium brachycarpum ","forb","annual","native"
"600","LK_25_SU","LK",25,"SU",2022,"7/19/2022","April Hulet","ERNA",1,0.007,0.667,"Ericameria nauseosa","shrub","perennial","native"
"601","LK_25_SU","LK",25,"SU",2022,"7/19/2022","April Hulet","ERUM",1,0.007,0.667,"Eriogonum umbellatum","forb","perennial","native"
"602","LK_25_SU","LK",25,"SU",2022,"7/19/2022","April Hulet","HISC",1,0.007,0.667,"Hieracium scouleri","forb","perennial","native"
"603","LK_25_SU","LK",25,"SU",2022,"7/19/2022","April Hulet","MEDI",1,0.007,0.667,"Mentzelia dispersa ","forb","annual","native"
"604","LK_25_SU","LK",25,"SU",2022,"7/19/2022","April Hulet","VIPU",1,0.007,0.667,"Viola purpurea","forb","perennial","native"
"605","LK_26_SU","LK",26,"SU",2022,"7/19/2022","April Hulet","L",105,0.7,70,"litter","litter","",""
"606","LK_26_SU","LK",26,"SU",2022,"7/19/2022","April Hulet","BRTE",102,0.68,68,"Bromus tectorum","cheatgrass","annual","introduced"
"607","LK_26_SU","LK",26,"SU",2022,"7/19/2022","April Hulet","SYRO",37,0.247,24.667,"Symphoricarpos rotundifolius","shrub","perennial","native"
"608","LK_26_SU","LK",26,"SU",2022,"7/19/2022","April Hulet","ARTR",21,0.14,14,"Artemisia tridentata vaseyana","shrub","perennial","native"
"609","LK_26_SU","LK",26,"SU",2022,"7/19/2022","April Hulet","PSSP",15,0.1,10,"Pseudoroegneria spicata","grass","perennial","native"
"610","LK_26_SU","LK",26,"SU",2022,"7/19/2022","April Hulet","SIAL",13,0.087,8.667,"Sisymbrium altissimum","forb","annual","introduced"
"611","LK_26_SU","LK",26,"SU",2022,"7/19/2022","April Hulet","BASA",12,0.08,8,"Balsamorhiza sagittata","forb","perennial","native"
"612","LK_26_SU","LK",26,"SU",2022,"7/19/2022","April Hulet","BRSI",11,0.073,7.333,"Bromus sitchensis","grass","perennial","native"
"613","LK_26_SU","LK",26,"SU",2022,"7/19/2022","April Hulet","LECI",9,0.06,6,"Leymus cinereus","grass","perennial","native"
"614","LK_26_SU","LK",26,"SU",2022,"7/19/2022","April Hulet","BG",6,0.04,4,"bare ground","bare ground","",""
"615","LK_26_SU","LK",26,"SU",2022,"7/19/2022","April Hulet","MARE",4,0.027,2.667,"Mahonia repens","shrub","perennial","native"
"616","LK_26_SU","LK",26,"SU",2022,"7/19/2022","April Hulet","PRVI",3,0.02,2,"Prunus virginiana","shrub","perennial","native"
"617","LK_26_SU","LK",26,"SU",2022,"7/19/2022","April Hulet","PUTR",3,0.02,2,"Purshia tridentata","shrub","perennial","native"
"618","LK_26_SU","LK",26,"SU",2022,"7/19/2022","April Hulet","DESO",2,0.013,1.333,"Descurainia sophia ","forb","annual","introduced"
"619","LK_26_SU","LK",26,"SU",2022,"7/19/2022","April Hulet","DS",2,0.013,1.333,"dead shrub","shrub","",""
"620","LK_26_SU","LK",26,"SU",2022,"7/19/2022","April Hulet","LALO",1,0.007,0.667,"Lappula longispina","forb","annual","native"
"621","LK_26_SU","LK",26,"SU",2022,"7/19/2022","April Hulet","Lupinus",1,0.007,0.667,"Lupinus spp","forb","perennial","native"
"622","LK_27_SU","LK",27,"SU",2022,"7/20/2022","April Hulet","L",120,0.8,80,"litter","litter","",""
"623","LK_27_SU","LK",27,"SU",2022,"7/20/2022","April Hulet","BRTE",79,0.527,52.667,"Bromus tectorum","cheatgrass","annual","introduced"
"624","LK_27_SU","LK",27,"SU",2022,"7/20/2022","April Hulet","BASA",28,0.187,18.667,"Balsamorhiza sagittata","forb","perennial","native"
"625","LK_27_SU","LK",27,"SU",2022,"7/20/2022","April Hulet","PSSP",28,0.187,18.667,"Pseudoroegneria spicata","grass","perennial","native"
"626","LK_27_SU","LK",27,"SU",2022,"7/20/2022","April Hulet","PUTR",18,0.12,12,"Purshia tridentata","shrub","perennial","native"
"627","LK_27_SU","LK",27,"SU",2022,"7/20/2022","April Hulet","LECI",16,0.107,10.667,"Leymus cinereus","grass","perennial","native"
"628","LK_27_SU","LK",27,"SU",2022,"7/20/2022","April Hulet","ARTR",15,0.1,10,"Artemisia tridentata vaseyana","shrub","perennial","native"
"629","LK_27_SU","LK",27,"SU",2022,"7/20/2022","April Hulet","SYRO",12,0.08,8,"Symphoricarpos rotundifolius","shrub","perennial","native"
"630","LK_27_SU","LK",27,"SU",2022,"7/20/2022","April Hulet","PRVI",6,0.04,4,"Prunus virginiana","shrub","perennial","native"
"631","LK_27_SU","LK",27,"SU",2022,"7/20/2022","April Hulet","BRSI",5,0.033,3.333,"Bromus sitchensis","grass","perennial","native"
"632","LK_27_SU","LK",27,"SU",2022,"7/20/2022","April Hulet","SIAL",5,0.033,3.333,"Sisymbrium altissimum","forb","annual","introduced"
"633","LK_27_SU","LK",27,"SU",2022,"7/20/2022","April Hulet","KOMA",3,0.02,2,"Koeleria macrantha","grass","perennial","native"
"634","LK_27_SU","LK",27,"SU",2022,"7/20/2022","April Hulet","LALO",3,0.02,2,"Lappula longispina","forb","annual","native"
"635","LK_27_SU","LK",27,"SU",2022,"7/20/2022","April Hulet","POSE",3,0.02,2,"Poa secunda","grass","perennial","native"
"636","LK_27_SU","LK",27,"SU",2022,"7/20/2022","April Hulet","W",3,0.02,2,"wood","wood","",""
"637","LK_27_SU","LK",27,"SU",2022,"7/20/2022","April Hulet","BG",2,0.013,1.333,"bare ground","bare ground","",""
"638","LK_27_SU","LK",27,"SU",2022,"7/20/2022","April Hulet","DESO",2,0.013,1.333,"Descurainia sophia ","forb","annual","introduced"
"639","LK_27_SU","LK",27,"SU",2022,"7/20/2022","April Hulet","GEVI",2,0.013,1.333,"Geranium viscosissimum","forb","perennial","native"
"640","LK_27_SU","LK",27,"SU",2022,"7/20/2022","April Hulet","ACNE",1,0.007,0.667,"Achnatherum nelsonii","grass","perennial","native"
"641","LK_27_SU","LK",27,"SU",2022,"7/20/2022","April Hulet","BRAR",1,0.007,0.667,"Bromus arvensis","grass","annual","introduced"
"642","LK_27_SU","LK",27,"SU",2022,"7/20/2022","April Hulet","Cirsium",1,0.007,0.667,"Cirsium spp","forb","",""
"643","LK_27_SU","LK",27,"SU",2022,"7/20/2022","April Hulet","DRAR",1,0.007,0.667,"Drymocallis arguta ","forb","perennial","native"
"644","LK_27_SU","LK",27,"SU",2022,"7/20/2022","April Hulet","HEUN",1,0.007,0.667,"Helianthella uniflora","forb","perennial","native"
"645","LK_27_SU","LK",27,"SU",2022,"7/20/2022","April Hulet","HISC",1,0.007,0.667,"Hieracium scouleri","forb","perennial","native"
"646","LK_27_SU","LK",27,"SU",2022,"7/20/2022","April Hulet","LASE",1,0.007,0.667,"Lactuca serriola","forb","annual","introduced"
"647","LK_27_SU","LK",27,"SU",2022,"7/20/2022","April Hulet","Lupinus",1,0.007,0.667,"Lupinus spp","forb","perennial","native"
"648","LK_27_SU","LK",27,"SU",2022,"7/20/2022","April Hulet","PHHA",1,0.007,0.667,"Phacelia hastata","forb","perennial","native"
"649","LK_27_SU","LK",27,"SU",2022,"7/20/2022","April Hulet","SCAN",1,0.007,0.667,"Scuttelaria angustifolia ","forb","annual","native"
"650","LK_28_SU","LK",28,"SU",2022,"7/20/2022","April Hulet","L",103,0.687,68.667,"litter","litter","",""
"651","LK_28_SU","LK",28,"SU",2022,"7/20/2022","April Hulet","BRTE",101,0.673,67.333,"Bromus tectorum","cheatgrass","annual","introduced"
"652","LK_28_SU","LK",28,"SU",2022,"7/20/2022","April Hulet","PRVI",32,0.213,21.333,"Prunus virginiana","shrub","perennial","native"
"653","LK_28_SU","LK",28,"SU",2022,"7/20/2022","April Hulet","PSSP",15,0.1,10,"Pseudoroegneria spicata","grass","perennial","native"
"654","LK_28_SU","LK",28,"SU",2022,"7/20/2022","April Hulet","PUTR",10,0.067,6.667,"Purshia tridentata","shrub","perennial","native"
"655","LK_28_SU","LK",28,"SU",2022,"7/20/2022","April Hulet","SYRO",10,0.067,6.667,"Symphoricarpos rotundifolius","shrub","perennial","native"
"656","LK_28_SU","LK",28,"SU",2022,"7/20/2022","April Hulet","SIAL",8,0.053,5.333,"Sisymbrium altissimum","forb","annual","introduced"
"657","LK_28_SU","LK",28,"SU",2022,"7/20/2022","April Hulet","ARTR",7,0.047,4.667,"Artemisia tridentata vaseyana","shrub","perennial","native"
"658","LK_28_SU","LK",28,"SU",2022,"7/20/2022","April Hulet","BG",6,0.04,4,"bare ground","bare ground","",""
"659","LK_28_SU","LK",28,"SU",2022,"7/20/2022","April Hulet","LECI",5,0.033,3.333,"Leymus cinereus","grass","perennial","native"
"660","LK_28_SU","LK",28,"SU",2022,"7/20/2022","April Hulet","POSE",5,0.033,3.333,"Poa secunda","grass","perennial","native"
"661","LK_28_SU","LK",28,"SU",2022,"7/20/2022","April Hulet","Cirsium",2,0.013,1.333,"Cirsium spp","forb","",""
"662","LK_28_SU","LK",28,"SU",2022,"7/20/2022","April Hulet","EPBR",2,0.013,1.333,"Epilobium brachycarpum ","forb","annual","native"
"663","LK_28_SU","LK",28,"SU",2022,"7/20/2022","April Hulet","DESO",1,0.007,0.667,"Descurainia sophia ","forb","annual","introduced"
"664","LK_28_SU","LK",28,"SU",2022,"7/20/2022","April Hulet","DICA",1,0.007,0.667,"Dieteria canescens","forb","perennial","native"
"665","LK_28_SU","LK",28,"SU",2022,"7/20/2022","April Hulet","DRAR",1,0.007,0.667,"Drymocallis arguta ","forb","perennial","native"
"666","LK_28_SU","LK",28,"SU",2022,"7/20/2022","April Hulet","DS",1,0.007,0.667,"dead shrub","shrub","",""
"667","LK_28_SU","LK",28,"SU",2022,"7/20/2022","April Hulet","MEDI",1,0.007,0.667,"Mentzelia dispersa ","forb","annual","native"
"668","LK_28_SU","LK",28,"SU",2022,"7/20/2022","April Hulet","PHHA",1,0.007,0.667,"Phacelia hastata","forb","perennial","native"
"669","LK_28_SU","LK",28,"SU",2022,"7/20/2022","April Hulet","SCAN",1,0.007,0.667,"Scuttelaria angustifolia ","forb","annual","native"
"670","LK_29_FA","LK",29,"FA",2022,"7/11/2022","Mike Mancuso, Kelly Hopping, Brennan McQuade","BRTE",95,0.633,63.333,"Bromus tectorum","cheatgrass","annual","introduced"
"671","LK_29_FA","LK",29,"FA",2022,"7/11/2022","Mike Mancuso, Kelly Hopping, Brennan McQuade","L",95,0.633,63.333,"litter","litter","",""
"672","LK_29_FA","LK",29,"FA",2022,"7/11/2022","Mike Mancuso, Kelly Hopping, Brennan McQuade","SIAL",32,0.213,21.333,"Sisymbrium altissimum","forb","annual","introduced"
"673","LK_29_FA","LK",29,"FA",2022,"7/11/2022","Mike Mancuso, Kelly Hopping, Brennan McQuade","PSSP",21,0.14,14,"Pseudoroegneria spicata","grass","perennial","native"
"674","LK_29_FA","LK",29,"FA",2022,"7/11/2022","Mike Mancuso, Kelly Hopping, Brennan McQuade","POSE",16,0.107,10.667,"Poa secunda","grass","perennial","native"
"675","LK_29_FA","LK",29,"FA",2022,"7/11/2022","Mike Mancuso, Kelly Hopping, Brennan McQuade","BG",9,0.06,6,"bare ground","bare ground","",""
"676","LK_29_FA","LK",29,"FA",2022,"7/11/2022","Mike Mancuso, Kelly Hopping, Brennan McQuade","TRDU",8,0.053,5.333,"Tragopogon dubius","forb","annual","introduced"
"677","LK_29_FA","LK",29,"FA",2022,"7/11/2022","Mike Mancuso, Kelly Hopping, Brennan McQuade","BASA",4,0.027,2.667,"Balsamorhiza sagittata","forb","perennial","native"
"678","LK_29_FA","LK",29,"FA",2022,"7/11/2022","Mike Mancuso, Kelly Hopping, Brennan McQuade","EPBR",4,0.027,2.667,"Epilobium brachycarpum ","forb","annual","native"
"679","LK_29_FA","LK",29,"FA",2022,"7/11/2022","Mike Mancuso, Kelly Hopping, Brennan McQuade","LUAR",4,0.027,2.667,"Lupinus argenteus var. holosericeus ","forb","perennial","native"
"680","LK_29_FA","LK",29,"FA",2022,"7/11/2022","Mike Mancuso, Kelly Hopping, Brennan McQuade","MIGR",4,0.027,2.667,"Microsteris gracilis","forb","annual","native"
"681","LK_29_FA","LK",29,"FA",2022,"7/11/2022","Mike Mancuso, Kelly Hopping, Brennan McQuade","PUTR",4,0.027,2.667,"Purshia tridentata","shrub","perennial","native"
"682","LK_29_FA","LK",29,"FA",2022,"7/11/2022","Mike Mancuso, Kelly Hopping, Brennan McQuade","Madia",3,0.02,2,"Madia spp","forb","annual","native"
"683","LK_29_FA","LK",29,"FA",2022,"7/11/2022","Mike Mancuso, Kelly Hopping, Brennan McQuade","LECI",2,0.013,1.333,"Leymus cinereus","grass","perennial","native"
"684","LK_29_FA","LK",29,"FA",2022,"7/11/2022","Mike Mancuso, Kelly Hopping, Brennan McQuade","CHJU",1,0.007,0.667,"Chondrilla juncea","forb","perennial","introduced"
"685","LK_29_FA","LK",29,"FA",2022,"7/11/2022","Mike Mancuso, Kelly Hopping, Brennan McQuade","DICA",1,0.007,0.667,"Dieteria canescens","forb","perennial","native"
"686","LK_29_FA","LK",29,"FA",2022,"7/11/2022","Mike Mancuso, Kelly Hopping, Brennan McQuade","HEUN",1,0.007,0.667,"Helianthella uniflora","forb","perennial","native"
"687","LK_29_FA","LK",29,"FA",2022,"7/11/2022","Mike Mancuso, Kelly Hopping, Brennan McQuade","SCAN",1,0.007,0.667,"Scuttelaria angustifolia ","forb","annual","native"
"688","LK_29_FA","LK",29,"FA",2022,"7/11/2022","Mike Mancuso, Kelly Hopping, Brennan McQuade","TECA",1,0.007,0.667,"Tetradymia canescens","shrub","perennial","native"
"689","LK_30_FA","LK",30,"FA",2022,"7/18/2022","Curtis Drake, Kelly Hopping","BRTE",110,0.733,73.333,"Bromus tectorum","cheatgrass","annual","introduced"
"690","LK_30_FA","LK",30,"FA",2022,"7/18/2022","Curtis Drake, Kelly Hopping","L",110,0.733,73.333,"litter","litter","",""
"691","LK_30_FA","LK",30,"FA",2022,"7/18/2022","Curtis Drake, Kelly Hopping","SIAL",66,0.44,44,"Sisymbrium altissimum","forb","annual","introduced"
"692","LK_30_FA","LK",30,"FA",2022,"7/18/2022","Curtis Drake, Kelly Hopping","PSSP",33,0.22,22,"Pseudoroegneria spicata","grass","perennial","native"
"693","LK_30_FA","LK",30,"FA",2022,"7/18/2022","Curtis Drake, Kelly Hopping","POPR",16,0.107,10.667,"Poa pratensis","grass","perennial","both"
"694","LK_30_FA","LK",30,"FA",2022,"7/18/2022","Curtis Drake, Kelly Hopping","PUTR",9,0.06,6,"Purshia tridentata","shrub","perennial","native"
"695","LK_30_FA","LK",30,"FA",2022,"7/18/2022","Curtis Drake, Kelly Hopping","LECI",8,0.053,5.333,"Leymus cinereus","grass","perennial","native"
"696","LK_30_FA","LK",30,"FA",2022,"7/18/2022","Curtis Drake, Kelly Hopping","LULE",7,0.047,4.667,"Lupinus leucophyllus ","forb","perennial","native"
"697","LK_30_FA","LK",30,"FA",2022,"7/18/2022","Curtis Drake, Kelly Hopping","MEBU",5,0.033,3.333,"Melica bulbosa","grass","perennial","native"
"698","LK_30_FA","LK",30,"FA",2022,"7/18/2022","Curtis Drake, Kelly Hopping","BG",3,0.02,2,"bare ground","bare ground","",""
"699","LK_30_FA","LK",30,"FA",2022,"7/18/2022","Curtis Drake, Kelly Hopping","DEPI",3,0.02,2,"Descurainia pinnata","forb","annual","native"
"700","LK_30_FA","LK",30,"FA",2022,"7/18/2022","Curtis Drake, Kelly Hopping","EPBR",3,0.02,2,"Epilobium brachycarpum ","forb","annual","native"
"701","LK_30_FA","LK",30,"FA",2022,"7/18/2022","Curtis Drake, Kelly Hopping","PRVI",3,0.02,2,"Prunus virginiana","shrub","perennial","native"
"702","LK_30_FA","LK",30,"FA",2022,"7/18/2022","Curtis Drake, Kelly Hopping","VETH",3,0.02,2,"Verbascum thapsus","forb","perennial","introduced"
"703","LK_30_FA","LK",30,"FA",2022,"7/18/2022","Curtis Drake, Kelly Hopping","ERNA",2,0.013,1.333,"Ericameria nauseosa","shrub","perennial","native"
"704","LK_30_FA","LK",30,"FA",2022,"7/18/2022","Curtis Drake, Kelly Hopping","MAGR",2,0.013,1.333,"Madia gracilis","forb","annual","native"
"705","LK_30_FA","LK",30,"FA",2022,"7/18/2022","Curtis Drake, Kelly Hopping","POSE",2,0.013,1.333,"Poa secunda","grass","perennial","native"
"706","LK_30_FA","LK",30,"FA",2022,"7/18/2022","Curtis Drake, Kelly Hopping","BASA",1,0.007,0.667,"Balsamorhiza sagittata","forb","perennial","native"
"707","LK_30_FA","LK",30,"FA",2022,"7/18/2022","Curtis Drake, Kelly Hopping","DICA",1,0.007,0.667,"Dieteria canescens","forb","perennial","native"
"708","LK_30_FA","LK",30,"FA",2022,"7/18/2022","Curtis Drake, Kelly Hopping","LASE",1,0.007,0.667,"Lactuca serriola","forb","annual","introduced"
"709","LK_30_FA","LK",30,"FA",2022,"7/18/2022","Curtis Drake, Kelly Hopping","PHHA",1,0.007,0.667,"Phacelia hastata","forb","perennial","native"
"710","LK_30_FA","LK",30,"FA",2022,"7/18/2022","Curtis Drake, Kelly Hopping","TRDU",1,0.007,0.667,"Tragopogon dubius","forb","annual","introduced"
"711","LK_31_FA","LK",31,"FA",2022,"7/18/2022","April Hulet","L",116,0.773,77.333,"litter","litter","",""
"712","LK_31_FA","LK",31,"FA",2022,"7/18/2022","April Hulet","BRTE",85,0.567,56.667,"Bromus tectorum","cheatgrass","annual","introduced"
"713","LK_31_FA","LK",31,"FA",2022,"7/18/2022","April Hulet","PRVI",22,0.147,14.667,"Prunus virginiana","shrub","perennial","native"
"714","LK_31_FA","LK",31,"FA",2022,"7/18/2022","April Hulet","SIAL",21,0.14,14,"Sisymbrium altissimum","forb","annual","introduced"
"715","LK_31_FA","LK",31,"FA",2022,"7/18/2022","April Hulet","PUTR",19,0.127,12.667,"Purshia tridentata","shrub","perennial","native"
"716","LK_31_FA","LK",31,"FA",2022,"7/18/2022","April Hulet","PSSP",17,0.113,11.333,"Pseudoroegneria spicata","grass","perennial","native"
"717","LK_31_FA","LK",31,"FA",2022,"7/18/2022","April Hulet","SYRO",7,0.047,4.667,"Symphoricarpos rotundifolius","shrub","perennial","native"
"718","LK_31_FA","LK",31,"FA",2022,"7/18/2022","April Hulet","ARTR",6,0.04,4,"Artemisia tridentata vaseyana","shrub","perennial","native"
"719","LK_31_FA","LK",31,"FA",2022,"7/18/2022","April Hulet","Lupinus",6,0.04,4,"Lupinus spp","forb","perennial","native"
"720","LK_31_FA","LK",31,"FA",2022,"7/18/2022","April Hulet","POPR",6,0.04,4,"Poa pratensis","grass","perennial","both"
"721","LK_31_FA","LK",31,"FA",2022,"7/18/2022","April Hulet","MARE",5,0.033,3.333,"Mahonia repens","shrub","perennial","native"
"722","LK_31_FA","LK",31,"FA",2022,"7/18/2022","April Hulet","POSE",5,0.033,3.333,"Poa secunda","grass","perennial","native"
"723","LK_31_FA","LK",31,"FA",2022,"7/18/2022","April Hulet","BRAR",4,0.027,2.667,"Bromus arvensis","grass","annual","introduced"
"724","LK_31_FA","LK",31,"FA",2022,"7/18/2022","April Hulet","EPBR",4,0.027,2.667,"Epilobium brachycarpum ","forb","annual","native"
"725","LK_31_FA","LK",31,"FA",2022,"7/18/2022","April Hulet","LECI",4,0.027,2.667,"Leymus cinereus","grass","perennial","native"
"726","LK_31_FA","LK",31,"FA",2022,"7/18/2022","April Hulet","PHHA",4,0.027,2.667,"Phacelia hastata","forb","perennial","native"
"727","LK_31_FA","LK",31,"FA",2022,"7/18/2022","April Hulet","BG",3,0.02,2,"bare ground","bare ground","",""
"728","LK_31_FA","LK",31,"FA",2022,"7/18/2022","April Hulet","COPA",2,0.013,1.333,"Collinsia parviflora","forb","annual","native"
"729","LK_31_FA","LK",31,"FA",2022,"7/18/2022","April Hulet","CRAC",2,0.013,1.333,"Crepis acuminata","forb","perennial","native"
"730","LK_31_FA","LK",31,"FA",2022,"7/18/2022","April Hulet","HISC",2,0.013,1.333,"Hieracium scouleri","forb","perennial","native"
"731","LK_31_FA","LK",31,"FA",2022,"7/18/2022","April Hulet","BASA",1,0.007,0.667,"Balsamorhiza sagittata","forb","perennial","native"
"732","LK_31_FA","LK",31,"FA",2022,"7/18/2022","April Hulet","DRGL",1,0.007,0.667,"Drymocallis glandulosa","forb","perennial","native"
"733","LK_31_FA","LK",31,"FA",2022,"7/18/2022","April Hulet","ERNA",1,0.007,0.667,"Ericameria nauseosa","shrub","perennial","native"
"734","LK_31_FA","LK",31,"FA",2022,"7/18/2022","April Hulet","GARA",1,0.007,0.667,"Gayophytum racemosum","forb","annual","native"
"735","LK_31_FA","LK",31,"FA",2022,"7/18/2022","April Hulet","LALO",1,0.007,0.667,"Lappula longispina","forb","annual","native"
"736","LK_31_FA","LK",31,"FA",2022,"7/18/2022","April Hulet","MAGR",1,0.007,0.667,"Madia gracilis","forb","annual","native"
"737","LK_32_FA","LK",32,"FA",2022,"7/21/2022","April Hulet","L",108,0.72,72,"litter","litter","",""
"738","LK_32_FA","LK",32,"FA",2022,"7/21/2022","April Hulet","BRTE",66,0.44,44,"Bromus tectorum","cheatgrass","annual","introduced"
"739","LK_32_FA","LK",32,"FA",2022,"7/21/2022","April Hulet","POSE",40,0.267,26.667,"Poa secunda","grass","perennial","native"
"740","LK_32_FA","LK",32,"FA",2022,"7/21/2022","April Hulet","SIAL",25,0.167,16.667,"Sisymbrium altissimum","forb","annual","introduced"
"741","LK_32_FA","LK",32,"FA",2022,"7/21/2022","April Hulet","PUTR",23,0.153,15.333,"Purshia tridentata","shrub","perennial","native"
"742","LK_32_FA","LK",32,"FA",2022,"7/21/2022","April Hulet","BG",11,0.073,7.333,"bare ground","bare ground","",""
"743","LK_32_FA","LK",32,"FA",2022,"7/21/2022","April Hulet","BASA",6,0.04,4,"Balsamorhiza sagittata","forb","perennial","native"
"744","LK_32_FA","LK",32,"FA",2022,"7/21/2022","April Hulet","Lupinus",6,0.04,4,"Lupinus spp","forb","perennial","native"
"745","LK_32_FA","LK",32,"FA",2022,"7/21/2022","April Hulet","PRVI",5,0.033,3.333,"Prunus virginiana","shrub","perennial","native"
"746","LK_32_FA","LK",32,"FA",2022,"7/21/2022","April Hulet","PSSP",5,0.033,3.333,"Pseudoroegneria spicata","grass","perennial","native"
"747","LK_32_FA","LK",32,"FA",2022,"7/21/2022","April Hulet","DICA",4,0.027,2.667,"Dieteria canescens","forb","perennial","native"
"748","LK_32_FA","LK",32,"FA",2022,"7/21/2022","April Hulet","ALDE",2,0.013,1.333,"Alyssum desertorum","forb","annual","introduced"
"749","LK_32_FA","LK",32,"FA",2022,"7/21/2022","April Hulet","CRAC",2,0.013,1.333,"Crepis acuminata","forb","perennial","native"
"750","LK_32_FA","LK",32,"FA",2022,"7/21/2022","April Hulet","DS",2,0.013,1.333,"dead shrub","shrub","",""
"751","LK_32_FA","LK",32,"FA",2022,"7/21/2022","April Hulet","DT",2,0.013,1.333,"dead tree","tree","",""
"752","LK_32_FA","LK",32,"FA",2022,"7/21/2022","April Hulet","LALO",2,0.013,1.333,"Lappula longispina","forb","annual","native"
"753","LK_32_FA","LK",32,"FA",2022,"7/21/2022","April Hulet","PHHA",2,0.013,1.333,"Phacelia hastata","forb","perennial","native"
"754","LK_32_FA","LK",32,"FA",2022,"7/21/2022","April Hulet","W",2,0.013,1.333,"wood","wood","",""
"755","LK_32_FA","LK",32,"FA",2022,"7/21/2022","April Hulet","ARTR",1,0.007,0.667,"Artemisia tridentata vaseyana","shrub","perennial","native"
"756","LK_32_FA","LK",32,"FA",2022,"7/21/2022","April Hulet","CHJU",1,0.007,0.667,"Chondrilla juncea","forb","perennial","introduced"
"757","LK_32_FA","LK",32,"FA",2022,"7/21/2022","April Hulet","COPA",1,0.007,0.667,"Collinsia parviflora","forb","annual","native"
"758","LK_32_FA","LK",32,"FA",2022,"7/21/2022","April Hulet","EPBR",1,0.007,0.667,"Epilobium brachycarpum ","forb","annual","native"
"759","LK_32_FA","LK",32,"FA",2022,"7/21/2022","April Hulet","Lomatium",1,0.007,0.667,"Lomatium spp","forb","perennial","native"
"760","LK_32_FA","LK",32,"FA",2022,"7/21/2022","April Hulet","TRDU",1,0.007,0.667,"Tragopogon dubius","forb","annual","introduced"
